東方靈異伝　～ Highly Responsive to Prayers,1345,1345,8000,名詞,一般,*,*,*,*,東方靈異伝　～ Highly Responsive to Prayers,トウホウレイイデン,トウホウレイイデン,*/*,*
東方靈異伝,1345,1345,8000,名詞,一般,*,*,*,*,東方靈異伝,トウホウレイイデン,トウホウレイイデン,*/*,*
靈異伝,1345,1345,8000,名詞,一般,*,*,*,*,靈異伝,レイイデン,レイイデン,*/*,*
東方封魔録　～ the Story of Eastern Wonderland,1345,1345,8000,名詞,一般,*,*,*,*,東方封魔録　～ the Story of Eastern Wonderland,トウホウフウマロク,トウホウフウマロク,*/*,*
東方封魔録,1345,1345,8000,名詞,一般,*,*,*,*,東方封魔録,トウホウフウマロク,トウホウフウマロク,*/*,*
封魔録,1345,1345,8000,名詞,一般,*,*,*,*,封魔録,フウマロク,フウマロク,*/*,*
東方夢時空　～ Phantasmagoria of Dim.Dream,1345,1345,8000,名詞,一般,*,*,*,*,東方夢時空　～ Phantasmagoria of Dim.Dream,トウホウユメジクウ,トウホウユメジクウ,*/*,*
東方夢時空,1345,1345,8000,名詞,一般,*,*,*,*,東方夢時空,トウホウユメジクウ,トウホウユメジクウ,*/*,*
夢時空,1345,1345,8000,名詞,一般,*,*,*,*,夢時空,ユメジクウ,ユメジクウ,*/*,*
東方幻想郷　～ Lotus Land Story,1345,1345,8000,名詞,一般,*,*,*,*,東方幻想郷　～ Lotus Land Story,トウホウゲンソウキョウ,トウホウゲンソウキョウ,*/*,*
東方幻想郷,1345,1345,8000,名詞,一般,*,*,*,*,東方幻想郷,トウホウゲンソウキョウ,トウホウゲンソウキョウ,*/*,*
幻想郷,1345,1345,8000,名詞,一般,*,*,*,*,幻想郷,ゲンソウキョウ,ゲンソウキョウ,*/*,*
東方怪綺談　～ Mystic Square,1345,1345,8000,名詞,一般,*,*,*,*,東方怪綺談　～ Mystic Square,トウホウカイキダン,トウホウカイキダン,*/*,*
東方怪綺談,1345,1345,8000,名詞,一般,*,*,*,*,東方怪綺談,トウホウカイキダン,トウホウカイキダン,*/*,*
怪綺談,1345,1345,8000,名詞,一般,*,*,*,*,怪綺談,カイキダン,カイキダン,*/*,*
東方紅魔郷　～ the Embodiment of Scarlet Devil.,1345,1345,8000,名詞,一般,*,*,*,*,東方紅魔郷　～ the Embodiment of Scarlet Devil.,トウホウコウマキョウ,トウホウコウマキョウ,*/*,*
東方紅魔郷,1345,1345,8000,名詞,一般,*,*,*,*,東方紅魔郷,トウホウコウマキョウ,トウホウコウマキョウ,*/*,*
紅魔郷,1345,1345,8000,名詞,一般,*,*,*,*,紅魔郷,コウマキョウ,コウマキョウ,*/*,*
東方妖々夢　～ Perfect Cherry Blossom.,1345,1345,8000,名詞,一般,*,*,*,*,東方妖々夢　～ Perfect Cherry Blossom.,トウホウヨウヨウム,トウホウヨウヨウム,*/*,*
東方妖々夢,1345,1345,8000,名詞,一般,*,*,*,*,東方妖々夢,トウホウヨウヨウム,トウホウヨウヨウム,*/*,*
妖々夢,1345,1345,8000,名詞,一般,*,*,*,*,妖々夢,ヨウヨウム,ヨウヨウム,*/*,*
東方永夜抄　～ Imperishable Night.,1345,1345,8000,名詞,一般,*,*,*,*,東方永夜抄　～ Imperishable Night.,トウホウエイヤショウ,トウホウエイヤショウ,*/*,*
東方永夜抄,1345,1345,8000,名詞,一般,*,*,*,*,東方永夜抄,トウホウエイヤショウ,トウホウエイヤショウ,*/*,*
永夜抄,1345,1345,8000,名詞,一般,*,*,*,*,永夜抄,エイヤショウ,エイヤショウ,*/*,*
東方萃夢想　～ Immaterial and Missing Power.,1345,1345,8000,名詞,一般,*,*,*,*,東方萃夢想　～ Immaterial and Missing Power.,トウホウスイムソウ,トウホウスイムソウ,*/*,*
東方萃夢想,1345,1345,8000,名詞,一般,*,*,*,*,東方萃夢想,トウホウスイムソウ,トウホウスイムソウ,*/*,*
萃夢想,1345,1345,8000,名詞,一般,*,*,*,*,萃夢想,スイムソウ,スイムソウ,*/*,*
東方花映塚　～ Phantasmagoria of Flower View.,1345,1345,8000,名詞,一般,*,*,*,*,東方花映塚　～ Phantasmagoria of Flower View.,トウホウカエイヅカ,トウホウカエイヅカ,*/*,*
東方花映塚,1345,1345,8000,名詞,一般,*,*,*,*,東方花映塚,トウホウカエイヅカ,トウホウカエイヅカ,*/*,*
花映塚,1345,1345,8000,名詞,一般,*,*,*,*,花映塚,カエイヅカ,カエイヅカ,*/*,*
東方文花帖　～ Shoot the Bullet.,1345,1345,8000,名詞,一般,*,*,*,*,東方文花帖　～ Shoot the Bullet.,トウホウブンカチョウ,トウホウブンカチョウ,*/*,*
東方文花帖,1345,1345,8000,名詞,一般,*,*,*,*,東方文花帖,トウホウブンカチョウ,トウホウブンカチョウ,*/*,*
文花帖,1345,1345,8000,名詞,一般,*,*,*,*,文花帖,ブンカチョウ,ブンカチョウ,*/*,*
東方風神録　～ Mountain of Faith.,1345,1345,8000,名詞,一般,*,*,*,*,東方風神録　～ Mountain of Faith.,トウホウフウジンロク,トウホウフウジンロク,*/*,*
東方風神録,1345,1345,8000,名詞,一般,*,*,*,*,東方風神録,トウホウフウジンロク,トウホウフウジンロク,*/*,*
風神録,1345,1345,8000,名詞,一般,*,*,*,*,風神録,フウジンロク,フウジンロク,*/*,*
東方緋想天　～ Scarlet Weather Rhapsody.,1345,1345,8000,名詞,一般,*,*,*,*,東方緋想天　～ Scarlet Weather Rhapsody.,トウホウヒソウテン,トウホウヒソウテン,*/*,*
東方緋想天,1345,1345,8000,名詞,一般,*,*,*,*,東方緋想天,トウホウヒソウテン,トウホウヒソウテン,*/*,*
緋想天,1345,1345,8000,名詞,一般,*,*,*,*,緋想天,ヒソウテン,ヒソウテン,*/*,*
東方地霊殿　～ Subterranean Animism.,1345,1345,8000,名詞,一般,*,*,*,*,東方地霊殿　～ Subterranean Animism.,トウホウチレイデン,トウホウチレイデン,*/*,*
東方地霊殿,1345,1345,8000,名詞,一般,*,*,*,*,東方地霊殿,トウホウチレイデン,トウホウチレイデン,*/*,*
地霊殿,1345,1345,8000,名詞,一般,*,*,*,*,地霊殿,チレイデン,チレイデン,*/*,*
東方星蓮船　～ Undefined Fantastic Object.,1345,1345,8000,名詞,一般,*,*,*,*,東方星蓮船　～ Undefined Fantastic Object.,トウホウセイレンセン,トウホウセイレンセン,*/*,*
東方星蓮船,1345,1345,8000,名詞,一般,*,*,*,*,東方星蓮船,トウホウセイレンセン,トウホウセイレンセン,*/*,*
星蓮船,1345,1345,8000,名詞,一般,*,*,*,*,星蓮船,セイレンセン,セイレンセン,*/*,*
東方非想天則　～ 超弩級ギニョルの謎を追え,1345,1345,8000,名詞,一般,*,*,*,*,東方非想天則　～ 超弩級ギニョルの謎を追え,トウホウヒソウテンソク,トウホウヒソウテンソク,*/*,*
東方非想天則,1345,1345,8000,名詞,一般,*,*,*,*,東方非想天則,トウホウヒソウテンソク,トウホウヒソウテンソク,*/*,*
非想天則,1345,1345,8000,名詞,一般,*,*,*,*,非想天則,ヒソウテンソク,ヒソウテンソク,*/*,*
妖精大戦争　～ 東方三月精,1345,1345,8000,名詞,一般,*,*,*,*,妖精大戦争　～ 東方三月精,ヨウセイダイセンソウ,ヨウセイダイセンソウ,*/*,*
妖精大戦争,1345,1345,8000,名詞,一般,*,*,*,*,妖精大戦争,ヨウセイダイセンソウ,ヨウセイダイセンソウ,*/*,*
東方神霊廟　～ Ten Desires.,1345,1345,8000,名詞,一般,*,*,*,*,東方神霊廟　～ Ten Desires.,トウホウシンレイビョウ,トウホウシンレイビョウ,*/*,*
東方神霊廟,1345,1345,8000,名詞,一般,*,*,*,*,東方神霊廟,トウホウシンレイビョウ,トウホウシンレイビョウ,*/*,*
神霊廟,1345,1345,8000,名詞,一般,*,*,*,*,神霊廟,シンレイビョウ,シンレイビョウ,*/*,*
東方心綺楼　～ Hopeless Masquerade.,1345,1345,8000,名詞,一般,*,*,*,*,東方心綺楼　～ Hopeless Masquerade.,トウホウシンキロウ,トウホウシンキロウ,*/*,*
東方心綺楼,1345,1345,8000,名詞,一般,*,*,*,*,東方心綺楼,トウホウシンキロウ,トウホウシンキロウ,*/*,*
心綺楼,1345,1345,8000,名詞,一般,*,*,*,*,心綺楼,シンキロウ,シンキロウ,*/*,*
東方輝針城　～ Double Dealing Character.,1345,1345,8000,名詞,一般,*,*,*,*,東方輝針城　～ Double Dealing Character.,トウホウキシンジョウ,トウホウキシンジョウ,*/*,*
東方輝針城,1345,1345,8000,名詞,一般,*,*,*,*,東方輝針城,トウホウキシンジョウ,トウホウキシンジョウ,*/*,*
輝針城,1345,1345,8000,名詞,一般,*,*,*,*,輝針城,キシンジョウ,キシンジョウ,*/*,*
弾幕アマノジャク　～ Impossible Spell Card.,1345,1345,8000,名詞,一般,*,*,*,*,弾幕アマノジャク　～ Impossible Spell Card.,ダンマクアマノジャク,ダンマクアマノジャク,*/*,*
弾幕アマノジャク,1345,1345,8000,名詞,一般,*,*,*,*,弾幕アマノジャク,ダンマクアマノジャク,ダンマクアマノジャク,*/*,*
アマノジャク,1345,1345,8000,名詞,一般,*,*,*,*,アマノジャク,アマノジャク,アマノジャク,*/*,*
東方深秘録　～ Urban Legend in Limbo.,1345,1345,8000,名詞,一般,*,*,*,*,東方深秘録　～ Urban Legend in Limbo.,トウホウシンピロク,トウホウシンピロク,*/*,*
東方深秘録,1345,1345,8000,名詞,一般,*,*,*,*,東方深秘録,トウホウシンピロク,トウホウシンピロク,*/*,*
深秘録,1345,1345,8000,名詞,一般,*,*,*,*,深秘録,シンピロク,シンピロク,*/*,*
東方紺珠伝　～ Legacy of Lunatic Kingdom.,1345,1345,8000,名詞,一般,*,*,*,*,東方紺珠伝　～ Legacy of Lunatic Kingdom.,トウホウカンジュデン,トウホウカンジュデン,*/*,*
東方紺珠伝,1345,1345,8000,名詞,一般,*,*,*,*,東方紺珠伝,トウホウカンジュデン,トウホウカンジュデン,*/*,*
紺珠伝,1345,1345,8000,名詞,一般,*,*,*,*,紺珠伝,カンジュデン,カンジュデン,*/*,*
東方憑依華　～ Antinomy of Common Flowers.,1345,1345,8000,名詞,一般,*,*,*,*,東方憑依華　～ Antinomy of Common Flowers.,トウホウヒョウイバナ,トウホウヒョウイバナ,*/*,*
東方憑依華,1345,1345,8000,名詞,一般,*,*,*,*,東方憑依華,トウホウヒョウイバナ,トウホウヒョウイバナ,*/*,*
憑依華,1345,1345,8000,名詞,一般,*,*,*,*,憑依華,ヒョウイバナ,ヒョウイバナ,*/*,*
東方天空璋　～ Hidden Star in Four Seasons.,1345,1345,8000,名詞,一般,*,*,*,*,東方天空璋　～ Hidden Star in Four Seasons.,トウホウテンクウショウ,トウホウテンクウショウ,*/*,*
東方天空璋,1345,1345,8000,名詞,一般,*,*,*,*,東方天空璋,トウホウテンクウショウ,トウホウテンクウショウ,*/*,*
天空璋,1345,1345,8000,名詞,一般,*,*,*,*,天空璋,テンクウショウ,テンクウショウ,*/*,*
東方鬼形獣　～ Wily Beast and Weakest Creature.,1345,1345,8000,名詞,一般,*,*,*,*,東方鬼形獣　～ Wily Beast and Weakest Creature.,トウホウキケイジュウ,トウホウキケイジュウ,*/*,*
東方鬼形獣,1345,1345,8000,名詞,一般,*,*,*,*,東方鬼形獣,トウホウキケイジュウ,トウホウキケイジュウ,*/*,*
鬼形獣,1345,1345,8000,名詞,一般,*,*,*,*,鬼形獣,キケイジュウ,キケイジュウ,*/*,*
東方剛欲異聞　～ 水没した沈愁地獄,1345,1345,8000,名詞,一般,*,*,*,*,東方剛欲異聞　～ 水没した沈愁地獄,トウホウゴウヨクイブン,トウホウゴウヨクイブン,*/*,*
東方剛欲異聞,1345,1345,8000,名詞,一般,*,*,*,*,東方剛欲異聞,トウホウゴウヨクイブン,トウホウゴウヨクイブン,*/*,*
剛欲異聞,1345,1345,8000,名詞,一般,*,*,*,*,剛欲異聞,ゴウヨクイブン,ゴウヨクイブン,*/*,*
東方虹龍洞　～ Unconnected Marketeers.,1345,1345,8000,名詞,一般,*,*,*,*,東方虹龍洞　～ Unconnected Marketeers.,トウホウコウリュウドウ,トウホウコウリュウドウ,*/*,*
東方虹龍洞,1345,1345,8000,名詞,一般,*,*,*,*,東方虹龍洞,トウホウコウリュウドウ,トウホウコウリュウドウ,*/*,*
虹龍洞,1345,1345,8000,名詞,一般,*,*,*,*,虹龍洞,コウリュウドウ,コウリュウドウ,*/*,*
バレットフィリア達の闇市場　～ 100th Black Market.,1345,1345,8000,名詞,一般,*,*,*,*,バレットフィリア達の闇市場　～ 100th Black Market.,バレットフィリアタチノヤミイチバ,バレットフィリアタチノヤミイチバ,*/*,*
バレットフィリア達の闇市場,1345,1345,8000,名詞,一般,*,*,*,*,バレットフィリア達の闇市場,バレットフィリアタチノヤミイチバ,バレットフィリアタチノヤミイチバ,*/*,*
バレットフィリア,1345,1345,8000,名詞,一般,*,*,*,*,バレットフィリア,バレットフィリア,バレットフィリア,*/*,*
東方獣王園　～ Unfinished Dream of All Living Ghost.,1345,1345,8000,名詞,一般,*,*,*,*,東方獣王園　～ Unfinished Dream of All Living Ghost.,トウホウジュウオウエン,トウホウジュウオウエン,*/*,*
東方獣王園,1345,1345,8000,名詞,一般,*,*,*,*,東方獣王園,トウホウジュウオウエン,トウホウジュウオウエン,*/*,*
獣王園,1345,1345,8000,名詞,一般,*,*,*,*,獣王園,ジュウオウエン,ジュウオウエン,*/*,*
弾幕アマノジャク　ゴールドラッシュ,1345,1345,8000,名詞,一般,*,*,*,*,弾幕アマノジャク　ゴールドラッシュ,ダンマクアマノジャク,ダンマクアマノジャク,*/*,*
東方妖々夢 スコアアタック,1345,1345,8000,名詞,一般,*,*,*,*,東方妖々夢 スコアアタック,トウホウヨウヨウムスコアアタック,トウホウヨウヨウムスコアアタック,*/*,*
蓬莱人形　～ Dolls in Pseudo Paradise,1345,1345,8000,名詞,一般,*,*,*,*,蓬莱人形　～ Dolls in Pseudo Paradise,ホウライニンギョウ,ホウライニンギョウ,*/*,*
蓬莱人形,1345,1345,8000,名詞,一般,*,*,*,*,蓬莱人形,ホウライニンギョウ,ホウライニンギョウ,*/*,*
蓮台野夜行　～ Ghostly Field Club,1345,1345,8000,名詞,一般,*,*,*,*,蓮台野夜行　～ Ghostly Field Club,レンダイノヤコウ,レンダイノヤコウ,*/*,*
蓮台野夜行,1345,1345,8000,名詞,一般,*,*,*,*,蓮台野夜行,レンダイノヤコウ,レンダイノヤコウ,*/*,*
夢違科学世紀　～ Changeability of Strange Dream,1345,1345,8000,名詞,一般,*,*,*,*,夢違科学世紀　～ Changeability of Strange Dream,ユメタガエカガクセイキ,ユメタガエカガクセイキ,*/*,*
夢違科学世紀,1345,1345,8000,名詞,一般,*,*,*,*,夢違科学世紀,ユメタガエカガクセイキ,ユメタガエカガクセイキ,*/*,*
卯酉東海道　～ Retrospective 53 minutes,1345,1345,8000,名詞,一般,*,*,*,*,卯酉東海道　～ Retrospective 53 minutes,ボウユウトウカイドウ,ボウユウトウカイドウ,*/*,*
卯酉東海道,1345,1345,8000,名詞,一般,*,*,*,*,卯酉東海道,ボウユウトウカイドウ,ボウユウトウカイドウ,*/*,*
大空魔術　～ Magical Astronomy,1345,1345,8000,名詞,一般,*,*,*,*,大空魔術　～ Magical Astronomy,オオゾラマジュツ,オオゾラマジュツ,*/*,*
大空魔術,1345,1345,8000,名詞,一般,*,*,*,*,大空魔術,オオゾラマジュツ,オオゾラマジュツ,*/*,*
未知の花　魅知の旅,1345,1345,8000,名詞,一般,*,*,*,*,未知の花　魅知の旅,ミチノハナミチノタビ,ミチノハナミチノタビ,*/*,*
鳥船遺跡　～ Trojan Green Asteroid,1345,1345,8000,名詞,一般,*,*,*,*,鳥船遺跡　～ Trojan Green Asteroid,トリフネイセキ,トリフネイセキ,*/*,*
鳥船遺跡,1345,1345,8000,名詞,一般,*,*,*,*,鳥船遺跡,トリフネイセキ,トリフネイセキ,*/*,*
伊弉諾物質　～ Neo-traditionalism of Japan.,1345,1345,8000,名詞,一般,*,*,*,*,伊弉諾物質　～ Neo-traditionalism of Japan.,イザナギブッシツ,イザナギブッシツ,*/*,*
伊弉諾物質,1345,1345,8000,名詞,一般,*,*,*,*,伊弉諾物質,イザナギブッシツ,イザナギブッシツ,*/*,*
燕石博物誌　～ Dr.Latency's Freak Report.,1345,1345,8000,名詞,一般,*,*,*,*,燕石博物誌　～ Dr.Latency's Freak Report.,エンセキハクブツシ,エンセキハクブツシ,*/*,*
燕石博物誌,1345,1345,8000,名詞,一般,*,*,*,*,燕石博物誌,エンセキハクブツシ,エンセキハクブツシ,*/*,*
旧約酒場　～ Dateless Bar "Old Adam".,1345,1345,8000,名詞,一般,*,*,*,*,旧約酒場　～ Dateless Bar "Old Adam".,キュウヤクサカバ,キュウヤクサカバ,*/*,*
旧約酒場,1345,1345,8000,名詞,一般,*,*,*,*,旧約酒場,キュウヤクサカバ,キュウヤクサカバ,*/*,*
虹色のセプテントリオン,1345,1345,8000,名詞,一般,*,*,*,*,虹色のセプテントリオン,ニジイロノセプテントリオン,ニジイロノセプテントリオン,*/*,*
七夕坂夢幻能　～ Taboo Japan Disentanglement.,1345,1345,8000,名詞,一般,*,*,*,*,七夕坂夢幻能　～ Taboo Japan Disentanglement.,タナバタザカムゲンノウ,タナバタザカムゲンノウ,*/*,*
七夕坂夢幻能,1345,1345,8000,名詞,一般,*,*,*,*,七夕坂夢幻能,タナバタザカムゲンノウ,タナバタザカムゲンノウ,*/*,*
幺樂団の歴史１　～ Akyu's Untouched Score vol.1,1345,1345,8000,名詞,一般,*,*,*,*,幺樂団の歴史１　～ Akyu's Untouched Score vol.1,ヨウガクダンノレキシ,ヨウガクダンノレキシ,*/*,*
幺樂団の歴史２　～ Akyu's Untouched Score vol.2,1345,1345,8000,名詞,一般,*,*,*,*,幺樂団の歴史２　～ Akyu's Untouched Score vol.2,ヨウガクダンノレキシ,ヨウガクダンノレキシ,*/*,*
幺樂団の歴史３　～ Akyu's Untouched Score vol.3,1345,1345,8000,名詞,一般,*,*,*,*,幺樂団の歴史３　～ Akyu's Untouched Score vol.3,ヨウガクダンノレキシ,ヨウガクダンノレキシ,*/*,*
幺樂団の歴史４　～ Akyu's Untouched Score vol.4,1345,1345,8000,名詞,一般,*,*,*,*,幺樂団の歴史４　～ Akyu's Untouched Score vol.4,ヨウガクダンノレキシ,ヨウガクダンノレキシ,*/*,*
幺樂団の歴史５　～ Akyu's Untouched Score vol.5,1345,1345,8000,名詞,一般,*,*,*,*,幺樂団の歴史５　～ Akyu's Untouched Score vol.5,ヨウガクダンノレキシ,ヨウガクダンノレキシ,*/*,*
幺樂団の歴史１,1345,1345,8000,名詞,一般,*,*,*,*,幺樂団の歴史１,ヨウガクダンノレキシ,ヨウガクダンノレキシ,*/*,*
幺樂団の歴史２,1345,1345,8000,名詞,一般,*,*,*,*,幺樂団の歴史２,ヨウガクダンノレキシ,ヨウガクダンノレキシ,*/*,*
幺樂団の歴史３,1345,1345,8000,名詞,一般,*,*,*,*,幺樂団の歴史３,ヨウガクダンノレキシ,ヨウガクダンノレキシ,*/*,*
幺樂団の歴史４,1345,1345,8000,名詞,一般,*,*,*,*,幺樂団の歴史４,ヨウガクダンノレキシ,ヨウガクダンノレキシ,*/*,*
幺樂団の歴史５,1345,1345,8000,名詞,一般,*,*,*,*,幺樂団の歴史５,ヨウガクダンノレキシ,ヨウガクダンノレキシ,*/*,*
幺樂団の歴史,1345,1345,8000,名詞,一般,*,*,*,*,幺樂団の歴史,ヨウガクダンノレキシ,ヨウガクダンノレキシ,*/*,*
幻想曲抜萃,1345,1345,8000,名詞,一般,*,*,*,*,幻想曲抜萃,ゲンソウキョクバッスイ,ゲンソウキョクバッスイ,*/*,*
全人類ノ天楽録,1345,1345,8000,名詞,一般,*,*,*,*,全人類ノ天楽録,ゼンジンルイノテンガクロク,ゼンジンルイノテンガクロク,*/*,*
核熱造神ヒソウテンソク,1345,1345,8000,名詞,一般,*,*,*,*,核熱造神ヒソウテンソク,カクネツゾウシンヒソウテンソク,カクネツゾウシンヒソウテンソク,*/*,*
深秘的楽曲集　宇佐見菫子と秘密の部室,1345,1345,8000,名詞,一般,*,*,*,*,深秘的楽曲集　宇佐見菫子と秘密の部室,シンピテキガッキョクシュウウサミスミレコトヒミツノヘヤ,シンピテキガッキョクシュウウサミスミレコトヒミツノヘヤ,*/*,*
深秘的楽曲集,1345,1345,8000,名詞,一般,*,*,*,*,深秘的楽曲集,シンピテキガッキョクシュウ,シンピテキガッキョクシュウ,*/*,*
深秘的楽曲集・補,1345,1345,8000,名詞,一般,*,*,*,*,深秘的楽曲集・補,シンピテキガッキョクシュウホ,シンピテキガッキョクシュウホ,*/*,*
完全憑依ディスコグラフィ,1345,1345,8000,名詞,一般,*,*,*,*,完全憑依ディスコグラフィ,カンゼンヒョウイディスコグラフィ,カンゼンヒョウイディスコグラフィ,*/*,*
強欲な獣のムジカ,1345,1345,8000,名詞,一般,*,*,*,*,強欲な獣のムジカ,ゴウヨクナケモノノムジカ,ゴウヨクナケモノノムジカ,*/*,*
東方香霖堂　～ Curiosities of Lotus Asia.,1345,1345,8000,名詞,一般,*,*,*,*,東方香霖堂　～ Curiosities of Lotus Asia.,トウホウコウリンドウ,トウホウコウリンドウ,*/*,*
東方香霖堂,1345,1345,8000,名詞,一般,*,*,*,*,東方香霖堂,トウホウコウリンドウ,トウホウコウリンドウ,*/*,*
香霖堂,1345,1345,8000,名詞,一般,*,*,*,*,香霖堂,コウリンドウ,コウリンドウ,*/*,*
東方三月精　～ Eastern and Little Nature Deity,1345,1345,8000,名詞,一般,*,*,*,*,東方三月精　～ Eastern and Little Nature Deity,トウホウサンゲツセイ,トウホウサンゲツセイ,*/*,*
東方三月精　～ Strange and Bright Nature Deity,1345,1345,8000,名詞,一般,*,*,*,*,東方三月精　～ Strange and Bright Nature Deity,トウホウサンゲツセイ,トウホウサンゲツセイ,*/*,*
東方三月精　～ Oriental Sacred Place,1345,1345,8000,名詞,一般,*,*,*,*,東方三月精　～ Oriental Sacred Place,トウホウサンゲツセイ,トウホウサンゲツセイ,*/*,*
東方三月精　～ Visionary Fairies in Shrine.,1345,1345,8000,名詞,一般,*,*,*,*,東方三月精　～ Visionary Fairies in Shrine.,トウホウサンゲツセイ,トウホウサンゲツセイ,*/*,*
東方三月精,1345,1345,8000,名詞,一般,*,*,*,*,東方三月精,トウホウサンゲツセイ,トウホウサンゲツセイ,*/*,*
三月精,1345,1345,8000,名詞,一般,*,*,*,*,三月精,サンゲツセイ,サンゲツセイ,*/*,*
東方儚月抄　～ Cage in Lunatic Runagate.,1345,1345,8000,名詞,一般,*,*,*,*,東方儚月抄　～ Cage in Lunatic Runagate.,トウホウボウゲツショウ,トウホウボウゲツショウ,*/*,*
東方儚月抄　～ Silent Sinner in Blue.,1345,1345,8000,名詞,一般,*,*,*,*,東方儚月抄　～ Silent Sinner in Blue.,トウホウボウゲツショウ,トウホウボウゲツショウ,*/*,*
東方儚月抄　～ 月のイナバと地上の因幡,1345,1345,8000,名詞,一般,*,*,*,*,東方儚月抄　～ 月のイナバと地上の因幡,トウホウボウゲツショウ,トウホウボウゲツショウ,*/*,*
東方儚月抄,1345,1345,8000,名詞,一般,*,*,*,*,東方儚月抄,トウホウボウゲツショウ,トウホウボウゲツショウ,*/*,*
儚月抄,1345,1345,8000,名詞,一般,*,*,*,*,儚月抄,ボウゲツショウ,ボウゲツショウ,*/*,*
東方茨歌仙　～ Wild and Horned Hermit.,1345,1345,8000,名詞,一般,*,*,*,*,東方茨歌仙　～ Wild and Horned Hermit.,トウホウイバラカセン,トウホウイバラカセン,*/*,*
東方茨歌仙,1345,1345,8000,名詞,一般,*,*,*,*,東方茨歌仙,トウホウイバラカセン,トウホウイバラカセン,*/*,*
茨歌仙,1345,1345,8000,名詞,一般,*,*,*,*,茨歌仙,イバラカセン,イバラカセン,*/*,*
東方鈴奈庵　～ Forbidden Scrollery.,1345,1345,8000,名詞,一般,*,*,*,*,東方鈴奈庵　～ Forbidden Scrollery.,トウホウスズナアン,トウホウスズナアン,*/*,*
東方鈴奈庵,1345,1345,8000,名詞,一般,*,*,*,*,東方鈴奈庵,トウホウスズナアン,トウホウスズナアン,*/*,*
鈴奈庵,1345,1345,8000,名詞,一般,*,*,*,*,鈴奈庵,スズナアン,スズナアン,*/*,*
東方智霊奇伝 反則探偵さとり,1345,1345,8000,名詞,一般,*,*,*,*,東方智霊奇伝 反則探偵さとり,トウホウチレイキデン,トウホウチレイキデン,*/*,*
東方智霊奇伝 反則探偵さとり 迷宮編,1345,1345,8000,名詞,一般,*,*,*,*,東方智霊奇伝 反則探偵さとり 迷宮編,トウホウチレイキデン,トウホウチレイキデン,*/*,*
東方智霊奇伝,1345,1345,8000,名詞,一般,*,*,*,*,東方智霊奇伝,トウホウチレイキデン,トウホウチレイキデン,*/*,*
智霊奇伝,1345,1345,8000,名詞,一般,*,*,*,*,智霊奇伝,チレイキデン,チレイキデン,*/*,*
東方酔蝶華　～ ロータスイーター達の酔醒,1345,1345,8000,名詞,一般,*,*,*,*,東方酔蝶華　～ ロータスイーター達の酔醒,トウホウスイチョウカ,トウホウスイチョウカ,*/*,*
東方酔蝶華,1345,1345,8000,名詞,一般,*,*,*,*,東方酔蝶華,トウホウスイチョウカ,トウホウスイチョウカ,*/*,*
酔蝶華,1345,1345,8000,名詞,一般,*,*,*,*,酔蝶華,スイチョウカ,スイチョウカ,*/*,*
東方文花帖　～ Bohemian Archive in Japanese Red.,1345,1345,8000,名詞,一般,*,*,*,*,東方文花帖　～ Bohemian Archive in Japanese Red.,トウホウブンカチョウ,トウホウブンカチョウ,*/*,*
東方求聞史紀　～ Perfect Memento in Strict Sense.,1345,1345,8000,名詞,一般,*,*,*,*,東方求聞史紀　～ Perfect Memento in Strict Sense.,トウホウグモンシキ,トウホウグモンシキ,*/*,*
東方求聞史紀,1345,1345,8000,名詞,一般,*,*,*,*,東方求聞史紀,トウホウグモンシキ,トウホウグモンシキ,*/*,*
求聞史紀,1345,1345,8000,名詞,一般,*,*,*,*,求聞史紀,グモンシキ,グモンシキ,*/*,*
The Grimoire of Marisa,1345,1345,8000,名詞,一般,*,*,*,*,The Grimoire of Marisa,グリマリ,グリマリ,*/*,*
グリモワール オブ マリサ,1345,1345,8000,名詞,一般,*,*,*,*,グリモワール オブ マリサ,グリマリ,グリマリ,*/*,*
東方求聞口授　～ Symposium of Post-mysticism.,1345,1345,8000,名詞,一般,*,*,*,*,東方求聞口授　～ Symposium of Post-mysticism.,トウホウグモンクジュ,トウホウグモンクジュ,*/*,*
東方求聞口授,1345,1345,8000,名詞,一般,*,*,*,*,東方求聞口授,トウホウグモンクジュ,トウホウグモンクジュ,*/*,*
求聞口授,1345,1345,8000,名詞,一般,*,*,*,*,求聞口授,グモンクジュ,グモンクジュ,*/*,*
東方文果真報 Alternative Facts in Eastern Utopia.,1345,1345,8000,名詞,一般,*,*,*,*,東方文果真報 Alternative Facts in Eastern Utopia.,トウホウブンカシンポウ,トウホウブンカシンポウ,*/*,*
東方文果真報,1345,1345,8000,名詞,一般,*,*,*,*,東方文果真報,トウホウブンカシンポウ,トウホウブンカシンポウ,*/*,*
文果真報,1345,1345,8000,名詞,一般,*,*,*,*,文果真報,ブンカシンポウ,ブンカシンポウ,*/*,*
The Grimoire of Usami 秘封倶楽部異界撮影記録,1345,1345,8000,名詞,一般,*,*,*,*,The Grimoire of Usami 秘封倶楽部異界撮影記録,グリウサ,グリウサ,*/*,*
The Grimoire of Usami,1345,1345,8000,名詞,一般,*,*,*,*,The Grimoire of Usami,グリウサ,グリウサ,*/*,*
グリモワール オブ ウサミ,1345,1345,8000,名詞,一般,*,*,*,*,グリモワール オブ ウサミ,グリウサ,グリウサ,*/*,*
東方Project人妖名鑑 常世編,1345,1345,8000,名詞,一般,*,*,*,*,東方Project人妖名鑑 常世編,トウホウプロジェクトジンヨウメイカン,トウホウプロジェクトジンヨウメイカン,*/*,*
東方Project人妖名鑑 宵闇編,1345,1345,8000,名詞,一般,*,*,*,*,東方Project人妖名鑑 宵闇編,トウホウプロジェクトジンヨウメイカン,トウホウプロジェクトジンヨウメイカン,*/*,*
東方Project人妖名鑑,1345,1345,8000,名詞,一般,*,*,*,*,東方Project人妖名鑑,トウホウプロジェクトジンヨウメイカン,トウホウプロジェクトジンヨウメイカン,*/*,*
人妖名鑑,1345,1345,8000,名詞,一般,*,*,*,*,人妖名鑑,ジンヨウメイカン,ジンヨウメイカン,*/*,*
東方外來韋編 Strange Creators of Outer World. 壱,1345,1345,8000,名詞,一般,*,*,*,*,東方外來韋編 Strange Creators of Outer World. 壱,トウホウガイライイヘン,トウホウガイライイヘン,*/*,*
東方外來韋編 Strange Creators of Outer World. 弐,1345,1345,8000,名詞,一般,*,*,*,*,東方外來韋編 Strange Creators of Outer World. 弐,トウホウガイライイヘン,トウホウガイライイヘン,*/*,*
東方外來韋編 Strange Creators of Outer World. 参,1345,1345,8000,名詞,一般,*,*,*,*,東方外來韋編 Strange Creators of Outer World. 参,トウホウガイライイヘン,トウホウガイライイヘン,*/*,*
東方外來韋編 Strange Creators of Outer World. 肆,1345,1345,8000,名詞,一般,*,*,*,*,東方外來韋編 Strange Creators of Outer World. 肆,トウホウガイライイヘン,トウホウガイライイヘン,*/*,*
東方外來韋編 Strange Creators of Outer World. 2018 Spring#,1345,1345,8000,名詞,一般,*,*,*,*,東方外來韋編 Strange Creators of Outer World. 2018 Spring#,トウホウガイライイヘン,トウホウガイライイヘン,*/*,*
東方外來韋編 Strange Creators of Outer World. 2018 Autumn#,1345,1345,8000,名詞,一般,*,*,*,*,東方外來韋編 Strange Creators of Outer World. 2018 Autumn#,トウホウガイライイヘン,トウホウガイライイヘン,*/*,*
東方外來韋編 Strange Creators of Outer World. 2019 Spring#,1345,1345,8000,名詞,一般,*,*,*,*,東方外來韋編 Strange Creators of Outer World. 2019 Spring#,トウホウガイライイヘン,トウホウガイライイヘン,*/*,*
東方外來韋編 Strange Creators of Outer World. 2019 Autumun#,1345,1345,8000,名詞,一般,*,*,*,*,東方外來韋編 Strange Creators of Outer World. 2019 Autumun#,トウホウガイライイヘン,トウホウガイライイヘン,*/*,*
東方外來韋編 Strange Creators of Outer World. 2021 Spring#,1345,1345,8000,名詞,一般,*,*,*,*,東方外來韋編 Strange Creators of Outer World. 2021 Spring#,トウホウガイライイヘン,トウホウガイライイヘン,*/*,*
東方外來韋編 Strange Creators of Outer World. 2024,1345,1345,8000,名詞,一般,*,*,*,*,東方外來韋編 Strange Creators of Outer World. 2024,トウホウガイライイヘン,トウホウガイライイヘン,*/*,*
東方外來韋編 Strange Creators of Outer World.,1345,1345,8000,名詞,一般,*,*,*,*,東方外來韋編 Strange Creators of Outer World.,トウホウガイライイヘン,トウホウガイライイヘン,*/*,*
東方外來韋編,1345,1345,8000,名詞,一般,*,*,*,*,東方外來韋編,トウホウガイライイヘン,トウホウガイライイヘン,*/*,*
外來韋編,1345,1345,8000,名詞,一般,*,*,*,*,外來韋編,ガイライイヘン,ガイライイヘン,*/*,*
東方紫香花　～ Seasonal Dream Vision.,1345,1345,8000,名詞,一般,*,*,*,*,東方紫香花　～ Seasonal Dream Vision.,トウホウシコウバナ,トウホウシコウバナ,*/*,*
東方紫香花,1345,1345,8000,名詞,一般,*,*,*,*,東方紫香花,トウホウシコウバナ,トウホウシコウバナ,*/*,*
紫香花,1345,1345,8000,名詞,一般,*,*,*,*,紫香花,シコウバナ,シコウバナ,*/*,*
風の号外,1345,1345,8000,名詞,一般,*,*,*,*,風の号外,カゼノゴウガイ,カゼノゴウガイ,*/*,*
六十年ぶりに紫に香る花,1345,1345,8000,名詞,一般,*,*,*,*,六十年ぶりに紫に香る花,ロクジュウネンブリニムラサキニカオルハナ,ロクジュウネンブリニムラサキニカオルハナ,*/*,*
東方求聞史紀 記憶する幻想郷,1345,1345,8000,名詞,一般,*,*,*,*,東方求聞史紀 記憶する幻想郷,トウホウグモンシキキオクスルゲンソウキョウ,トウホウグモンシキキオクスルゲンソウキョウ,*/*,*
記憶する幻想郷,1345,1345,8000,名詞,一般,*,*,*,*,記憶する幻想郷,キオクスルゲンソウキョウ,キオクスルゲンソウキョウ,*/*,*
東方茨歌仙　後日談　桜散って紅葉忘れる,1345,1345,8000,名詞,一般,*,*,*,*,東方茨歌仙　後日談　桜散って紅葉忘れる,トウホウイバラカセンゴジツダン,トウホウイバラカセンゴジツダン,*/*,*
東方Project,1345,1345,8000,名詞,一般,*,*,*,*,東方Project,トウホウプロジェクト,トウホウプロジェクト,*/*,*
西方Project,1345,1345,8000,名詞,一般,*,*,*,*,西方Project,セイホウプロジェクト,セイホウプロジェクト,*/*,*
秋霜玉,1345,1345,8000,名詞,一般,*,*,*,*,秋霜玉,シュウソウギョク,シュウソウギョク,*/*,*
稀翁玉,1345,1345,8000,名詞,一般,*,*,*,*,稀翁玉,キオウギョク,キオウギョク,*/*,*
幡紫竜,1345,1345,8000,名詞,一般,*,*,*,*,幡紫竜,バンシリュウ,バンシリュウ,*/*,*
黄昏酒場　～ Uwabami Breakers ～,1345,1345,8000,名詞,一般,*,*,*,*,黄昏酒場　～ Uwabami Breakers ～,タソガレサカバ,タソガレサカバ,*/*,*
黄昏酒場,1345,1345,8000,名詞,一般,*,*,*,*,黄昏酒場,タソガレサカバ,タソガレサカバ,*/*,*
神魔討綺伝　～ Magus in Mystic Geometries.,1345,1345,8000,名詞,一般,*,*,*,*,神魔討綺伝　～ Magus in Mystic Geometries.,シンマトウキデン,シンマトウキデン,*/*,*
神魔討綺伝,1345,1345,8000,名詞,一般,*,*,*,*,神魔討綺伝,シンマトウキデン,シンマトウキデン,*/*,*
トルテルマジック,1345,1345,8000,名詞,一般,*,*,*,*,トルテルマジック,トルテルマジック,トルテルマジック,*/*,*