ZUN Soft,1345,1345,8000,名詞,一般,*,*,*,*,ZUN Soft,ズンソフト,ズンソフト,*/*,*
上海アリス幻樂団,1345,1345,8000,名詞,一般,*,*,*,*,上海アリス幻樂団,シャンハイアリスゲンガクダン,シャンハイアリスゲンガクダン,*/*,*
黄昏フロンティア,1345,1345,8000,名詞,一般,*,*,*,*,黄昏フロンティア,タソガレフロンティア,タソガレフロンティア,*/*,*
瞬殺サレ道？,1345,1345,8000,名詞,一般,*,*,*,*,瞬殺サレ道？,シュンサツサレドウ,シュンサツサレドウ,*/*,*
呑んべぇ会,1345,1345,8000,名詞,一般,*,*,*,*,呑んべぇ会,ノンベェカイ,ノンベェカイ,*/*,*
博麗幻想書譜,1345,1345,8000,名詞,一般,*,*,*,*,博麗幻想書譜,ハクレイゲンソウショフ,ハクレイゲンソウショフ,*/*,*
東方幻想的音楽,1345,1345,8000,名詞,一般,*,*,*,*,東方幻想的音楽,ミュウヂックオブロオタスランド,ミュウヂックオブロオタスランド,*/*,*
東方幻想懐古曲,1345,1345,8000,名詞,一般,*,*,*,*,東方幻想懐古曲,アンテイクゲイムミュウヂック,アンテイクゲイムミュウヂック,*/*,*
蓬莱少女繪幻想,1345,1345,8000,名詞,一般,*,*,*,*,蓬莱少女繪幻想,ポヲトレイトオブエキゾチックガアルズ,ポヲトレイトオブエキゾチックガアルズ,*/*,*
ZUN,1345,1345,8000,名詞,一般,*,*,*,*,ZUN,ズン,ズン,*/*,*
海原海豚,1345,1345,8000,名詞,一般,*,*,*,*,海原海豚,ウナバライルカ,ウナバライルカ,*/*,*
あきやまうに,1345,1345,8000,名詞,一般,*,*,*,*,あきやまうに,アキヤマウニ,アキヤマウニ,*/*,*
TOKIAME,1345,1345,8000,名詞,一般,*,*,*,*,TOKIAME,トキアメ,トキアメ,*/*,*
秋★枝,1345,1345,8000,名詞,一般,*,*,*,*,秋★枝,アキエダ,アキエダ,*/*,*
葉庭,1345,1345,8000,名詞,一般,*,*,*,*,葉庭,ハニワ,ハニワ,*/*,*
唖采弦二,1345,1345,8000,名詞,一般,*,*,*,*,唖采弦二,アサイゲンジ,アサイゲンジ,*/*,*
松倉ねむ,1345,1345,8000,名詞,一般,*,*,*,*,松倉ねむ,マツクラネム,マツクラネム,*/*,*
比良坂真琴,1345,1345,8000,名詞,一般,*,*,*,*,比良坂真琴,ヒラサカマコト,ヒラサカマコト,*/*,*
あらたとしひら,1345,1345,8000,名詞,一般,*,*,*,*,あらたとしひら,アラタトシヒラ,アラタトシヒラ,*/*,*
守姫武士,1345,1345,8000,名詞,一般,*,*,*,*,守姫武士,モリキタケシ,モリキタケシ,*/*,*
あずまあや,1345,1345,8000,名詞,一般,*,*,*,*,あずまあや,アズマアヤ,アズマアヤ,*/*,*
春河もえ,1345,1345,8000,名詞,一般,*,*,*,*,春河もえ,ハルカワモエ,ハルカワモエ,*/*,*
銀木犀,1345,1345,8000,名詞,一般,*,*,*,*,銀木犀,ギンモクセイ,ギンモクセイ,*/*,*
秋巻ゆう,1345,1345,8000,名詞,一般,*,*,*,*,秋巻ゆう,アキマキユウ,アキマキユウ,*/*,*
水炊き,1345,1345,8000,名詞,一般,*,*,*,*,水炊き,ミズタキ,ミズタキ,*/*,*
ぴえとろ,1345,1345,8000,名詞,一般,*,*,*,*,ぴえとろ,ピエトロ,ピエトロ,*/*,*
当たり判定,1345,1345,8000,名詞,一般,*,*,*,*,当たり判定,アタリハンテイ,アタリハンテイ,*/*,*
安地,1345,1345,8000,名詞,一般,*,*,*,*,安地,アンチ,アンチ,*/*,*
ウィルス弾,1345,1345,8000,名詞,一般,*,*,*,*,ウィルス弾,ウィルスダン,ウィルスダン,*/*,*
上避け,1345,1345,8000,名詞,一般,*,*,*,*,上避け,ウエヨケ,ウエヨケ,*/*,*
嘘避け,1345,1345,8000,名詞,一般,*,*,*,*,嘘避け,ウソヨケ,ウソヨケ,*/*,*
撃ち返し弾,1345,1345,8000,名詞,一般,*,*,*,*,撃ち返し弾,ウチカエシダン,ウチカエシダン,*/*,*
鱗弾,1345,1345,8000,名詞,一般,*,*,*,*,鱗弾,ウロコダン,ウロコダン,*/*,*
エクステンド,1345,1345,8000,名詞,一般,*,*,*,*,エクステンド,エクステンド,エクステンド,*/*,*
抱え落ち,1345,1345,8000,名詞,一般,*,*,*,*,抱え落ち,カカエオチ,カカエオチ,*/*,*
カス,1345,1345,8000,名詞,一般,*,*,*,*,カス,カス,カス,*/*,*
気合避け,1345,1345,8000,名詞,一般,*,*,*,*,気合避け,キアイヨケ,キアイヨケ,*/*,*
奇数弾,1345,1345,8000,名詞,一般,*,*,*,*,奇数弾,キスウダン,キスウダン,*/*,*
決めボム,1345,1345,8000,名詞,一般,*,*,*,*,決めボム,キメボム,キメボム,*/*,*
偶数弾,1345,1345,8000,名詞,一般,*,*,*,*,偶数弾,グウスウダン,グウスウダン,*/*,*
楔弾,1345,1345,8000,名詞,一般,*,*,*,*,楔弾,クサビダン,クサビダン,*/*,*
クナイ弾,1345,1345,8000,名詞,一般,*,*,*,*,クナイ弾,クナイダン,クナイダン,*/*,*
喰らいボム,1345,1345,8000,名詞,一般,*,*,*,*,喰らいボム,クライボム,クライボム,*/*,*
グレイズ,1345,1345,8000,名詞,一般,*,*,*,*,グレイズ,グレイズ,グレイズ,*/*,*
小刀弾,1345,1345,8000,名詞,一般,*,*,*,*,小刀弾,コガタナダン,コガタナダン,*/*,*
極小弾,1345,1345,8000,名詞,一般,*,*,*,*,極小弾,ゴクショウダン,ゴクショウダン,*/*,*
固定弾,1345,1345,8000,名詞,一般,*,*,*,*,固定弾,コテイダン,コテイダン,*/*,*
米粒弾,1345,1345,8000,名詞,一般,*,*,*,*,米粒弾,コメツブダン,コメツブダン,*/*,*
坐薬弾,1345,1345,8000,名詞,一般,*,*,*,*,坐薬弾,ザヤクダン,ザヤクダン,*/*,*
残機の欠片,1345,1345,8000,名詞,一般,*,*,*,*,残機の欠片,ザンキノカケラ,ザンキノカケラ,*/*,*
自機狙い弾,1345,1345,8000,名詞,一般,*,*,*,*,自機狙い弾,ジキネライダン,ジキネライダン,*/*,*
少女祈祷中,1345,1345,8000,名詞,一般,*,*,*,*,少女祈祷中,ショウジョキトウチュウ,ショウジョキトウチュウ,*/*,*
尻撃ち,1345,1345,8000,名詞,一般,*,*,*,*,尻撃ち,シリウチ,シリウチ,*/*,*
スペカ,1345,1345,8000,名詞,一般,*,*,*,*,スペカ,スペカ,スペカ,*/*,*
全方位弾,1345,1345,8000,名詞,一般,*,*,*,*,全方位弾,ゼンホウイダン,ゼンホウイダン,*/*,*
耐久スペル,1345,1345,8000,名詞,一般,*,*,*,*,耐久スペル,タイキュウスペル,タイキュウスペル,*/*,*
耐久弾幕,1345,1345,8000,名詞,一般,*,*,*,*,耐久弾幕,タイキュウダンマク,タイキュウダンマク,*/*,*
楕円弾,1345,1345,8000,名詞,一般,*,*,*,*,楕円弾,ダエンダン,ダエンダン,*/*,*
チキンボム,1345,1345,8000,名詞,一般,*,*,*,*,チキンボム,チキンボム,チキンボム,*/*,*
蝶弾,1345,1345,8000,名詞,一般,*,*,*,*,蝶弾,チョウダン,チョウダン,*/*,*
チョン避け,1345,1345,8000,名詞,一般,*,*,*,*,チョン避け,チョンヨケ,チョンヨケ,*/*,*
追尾弾,1345,1345,8000,名詞,一般,*,*,*,*,追尾弾,ツイビダン,ツイビダン,*/*,*
通常弾,1345,1345,8000,名詞,一般,*,*,*,*,通常弾,ツウジョウダン,ツウジョウダン,*/*,*
粒弾,1345,1345,8000,名詞,一般,*,*,*,*,粒弾,ツブダン,ツブダン,*/*,*
点弾,1345,1345,8000,名詞,一般,*,*,*,*,点弾,テンダン,テンダン,*/*,*
得点アイテム,1345,1345,8000,名詞,一般,*,*,*,*,得点アイテム,トクテンアイテム,トクテンアイテム,*/*,*
ナイフ弾,1345,1345,8000,名詞,一般,*,*,*,*,ナイフ弾,ナイフダン,ナイフダン,*/*,*
端避け,1345,1345,8000,名詞,一般,*,*,*,*,端避け,ハシヨケ,ハシヨケ,*/*,*
バラ撒き弾,1345,1345,8000,名詞,一般,*,*,*,*,バラ撒き弾,バラマキダン,バラマキダン,*/*,*
針弾,1345,1345,8000,名詞,一般,*,*,*,*,針弾,ハリダン,ハリダン,*/*,*
針巫女,1345,1345,8000,名詞,一般,*,*,*,*,針巫女,ハリミコ,ハリミコ,*/*,*
光弾,1345,1345,8000,名詞,一般,*,*,*,*,光弾,ヒカリダン,ヒカリダン,*/*,*
ピチュ,1345,1345,8000,名詞,一般,*,*,*,*,ピチュ,ピチュ,ピチュ,*/*,*
びびりボム,1345,1345,8000,名詞,一般,*,*,*,*,びびりボム,ビビリボム,ビビリボム,*/*,*
札弾,1345,1345,8000,名詞,一般,*,*,*,*,札弾,フダダン,フダダン,*/*,*
葡萄弾,1345,1345,8000,名詞,一般,*,*,*,*,葡萄弾,ブドウダン,ブドウダン,*/*,*
ペナルティ弾,1345,1345,8000,名詞,一般,*,*,*,*,ペナルティ弾,ペナルティダン,ペナルティダン,*/*,*
星型弾,1345,1345,8000,名詞,一般,*,*,*,*,星型弾,ホシガタダン,ホシガタダン,*/*,*
星弾,1345,1345,8000,名詞,一般,*,*,*,*,星弾,ホシダン,ホシダン,*/*,*
ボムの欠片,1345,1345,8000,名詞,一般,*,*,*,*,ボムの欠片,ボムノカケラ,ボムノカケラ,*/*,*
ボムバリア,1345,1345,8000,名詞,一般,*,*,*,*,ボムバリア,ボムバリア,ボムバリア,*/*,*
ミサマリ,1345,1345,8000,名詞,一般,*,*,*,*,ミサマリ,ミサマリ,ミサマリ,*/*,*
密着撃ち込み,1345,1345,8000,名詞,一般,*,*,*,*,密着撃ち込み,ミッチャクウチコミ,ミッチャクウチコミ,*/*,*
矢印弾,1345,1345,8000,名詞,一般,*,*,*,*,矢印弾,ヤジルシダン,ヤジルシダン,*/*,*
弓弾,1345,1345,8000,名詞,一般,*,*,*,*,弓弾,ユミダン,ユミダン,*/*,*
ランダム弾,1345,1345,8000,名詞,一般,*,*,*,*,ランダム弾,ランダムダン,ランダムダン,*/*,*
リング弾,1345,1345,8000,名詞,一般,*,*,*,*,リング弾,リングダン,リングダン,*/*,*
霊撃,1345,1345,8000,名詞,一般,*,*,*,*,霊撃,レイゲキ,レイゲキ,*/*,*
レザマリ,1345,1345,8000,名詞,一般,*,*,*,*,レザマリ,レザマリ,レザマリ,*/*,*
1UPアイテム,1345,1345,8000,名詞,一般,*,*,*,*,1UPアイテム,ワンアップアイテム,ワンアップアイテム,*/*,*
炎弾,1345,1345,8000,名詞,一般,*,*,*,*,炎弾,エンダン,エンダン,*/*,*
桜点,1345,1345,8000,名詞,一般,*,*,*,*,桜点,サクラテン,サクラテン,*/*,*
森羅結界,1345,1345,8000,名詞,一般,*,*,*,*,森羅結界,シンラケッカイ,シンラケッカイ,*/*,*
赤マリス砲,1345,1345,8000,名詞,一般,*,*,*,*,赤マリス砲,アカマリスホウ,アカマリスホウ,*/*,*
妖率,1345,1345,8000,名詞,一般,*,*,*,*,妖率,アヤカシリツ,アヤカシリツ,*/*,*
裏マリス砲 ,1345,1345,8000,名詞,一般,*,*,*,*,裏マリス砲 ,ウラマリスホウ,ウラマリスホウ,*/*,*
逢魔が時,1345,1345,8000,名詞,一般,*,*,*,*,逢魔が時,オウマガトキ,オウマガトキ,*/*,*
決死結界,1345,1345,8000,名詞,一般,*,*,*,*,決死結界,ケッシケッカイ,ケッシケッカイ,*/*,*
刻符アイテム,1345,1345,8000,名詞,一般,*,*,*,*,刻符アイテム,コクフアイテム,コクフアイテム,*/*,*
人妖点,1345,1345,8000,名詞,一般,*,*,*,*,人妖点,ジンヨウテン,ジンヨウテン,*/*,*
スペルプラクティス,1345,1345,8000,名詞,一般,*,*,*,*,スペルプラクティス,スペルプラクティス,スペルプラクティス,*/*,*
使い魔,1345,1345,8000,名詞,一般,*,*,*,*,使い魔,ツカイマ,ツカイマ,*/*,*
ディゾルブスペル,1345,1345,8000,名詞,一般,*,*,*,*,ディゾルブスペル,ディゾルブスペル,ディゾルブスペル,*/*,*
マリス砲,1345,1345,8000,名詞,一般,*,*,*,*,マリス砲,マリスホウ,マリスホウ,*/*,*
ラストスペル,1345,1345,8000,名詞,一般,*,*,*,*,ラストスペル,ラストスペル,ラストスペル,*/*,*
開花宣言,1345,1345,8000,名詞,一般,*,*,*,*,開花宣言,カイカセンゲン,カイカセンゲン,*/*,*
弾幕開花宣言,1345,1345,8000,名詞,一般,*,*,*,*,弾幕開花宣言,ダンマクカイカセンゲン,ダンマクカイカセンゲン,*/*,*
粥弾,1345,1345,8000,名詞,一般,*,*,*,*,粥弾,カユダン,カユダン,*/*,*
グラマリ,1345,1345,8000,名詞,一般,*,*,*,*,グラマリ,グラマリ,グラマリ,*/*,*
回避結界,1345,1345,8000,名詞,一般,*,*,*,*,回避結界,カイヒケッカイ,カイヒケッカイ,*/*,*
シスカ,1345,1345,8000,名詞,一般,*,*,*,*,シスカ,シスカ,シスカ,*/*,*
霊力,1345,1345,8000,名詞,一般,*,*,*,*,霊力,レイリョク,レイリョク,*/*,*
遠隔霊撃,1345,1345,8000,名詞,一般,*,*,*,*,遠隔霊撃,エンカクレイゲキ,エンカクレイゲキ,*/*,*
核弾,1345,1345,8000,名詞,一般,*,*,*,*,核弾,カクダン,カクダン,*/*,*
交信強度,1345,1345,8000,名詞,一般,*,*,*,*,交信強度,コウシンキョウド,コウシンキョウド,*/*,*
薔薇弾,1345,1345,8000,名詞,一般,*,*,*,*,薔薇弾,バラダン,バラダン,*/*,*
水滴弾,1345,1345,8000,名詞,一般,*,*,*,*,水滴弾,スイテキダン,スイテキダン,*/*,*
ペンデュラム,1345,1345,8000,名詞,一般,*,*,*,*,ペンデュラム,ペンデュラム,ペンデュラム,*/*,*
青神霊,1345,1345,8000,名詞,一般,*,*,*,*,青神霊,アオシンレイ,アオシンレイ,*/*,*
小神霊,1345,1345,8000,名詞,一般,*,*,*,*,小神霊,ショウシンレイ,ショウシンレイ,*/*,*
白神霊,1345,1345,8000,名詞,一般,*,*,*,*,白神霊,シロシンレイ,シロシンレイ,*/*,*
緑神霊,1345,1345,8000,名詞,一般,*,*,*,*,緑神霊,ミドリシンレイ,ミドリシンレイ,*/*,*
紫神霊,1345,1345,8000,名詞,一般,*,*,*,*,紫神霊,ムラサキシンレイ,ムラサキシンレイ,*/*,*
霊界トランス,1345,1345,8000,名詞,一般,*,*,*,*,霊界トランス,レイカイトランス,レイカイトランス,*/*,*
人気度,1345,1345,8000,名詞,一般,*,*,*,*,人気度,ニンキド,ニンキド,*/*,*
音符弾,1345,1345,8000,名詞,一般,*,*,*,*,音符弾,オンプダン,オンプダン,*/*,*
休符弾,1345,1345,8000,名詞,一般,*,*,*,*,休符弾,キュウフダン,キュウフダン,*/*,*
太鼓弾,1345,1345,8000,名詞,一般,*,*,*,*,太鼓弾,タイコダマ,タイコダマ,*/*,*
オカルトアタック,1345,1345,8000,名詞,一般,*,*,*,*,オカルトアタック,オカルトアタック,オカルトアタック,*/*,*
オカルト技,1345,1345,8000,名詞,一般,*,*,*,*,オカルト技,オカルトワザ,オカルトワザ,*/*,*
オオカミ霊,1345,1345,8000,名詞,一般,*,*,*,*,オオカミ霊,オオカミレイ,オオカミレイ,*/*,*
オオワシ霊,1345,1345,8000,名詞,一般,*,*,*,*,オオワシ霊,オオワシレイ,オオワシレイ,*/*,*
カワウソ霊,1345,1345,8000,名詞,一般,*,*,*,*,カワウソ霊,カワウソレイ,カワウソレイ,*/*,*
動物霊アイテム,1345,1345,8000,名詞,一般,*,*,*,*,動物霊アイテム,ドウブツレイアイテム,ドウブツレイアイテム,*/*,*
天則,1345,1345,8000,名詞,一般,*,*,*,*,天則,テンソク,テンソク,*/*,*
弾貨,1345,1345,8000,名詞,一般,*,*,*,*,弾貨,ダンカ,ダンカ,*/*,*
幻想郷,1345,1345,8000,名詞,一般,*,*,*,*,幻想郷,ゲンソウキョウ,ゲンソウキョウ,*/*,*
幻と実体の境界,1345,1345,8000,名詞,一般,*,*,*,*,幻と実体の境界,マボロシトジッタイノキョウカイ,マボロシトジッタイノキョウカイ,*/*,*
博麗大結界,1345,1345,8000,名詞,一般,*,*,*,*,博麗大結界,ハクレイダイケッカイ,ハクレイダイケッカイ,*/*,*
博麗の巫女,1345,1345,8000,名詞,一般,*,*,*,*,博麗の巫女,ハクレイノミコ,ハクレイノミコ,*/*,*
外の世界,1345,1345,8000,名詞,一般,*,*,*,*,外の世界,ソトノセカイ,ソトノセカイ,*/*,*
弾幕ごっこ,1345,1345,8000,名詞,一般,*,*,*,*,弾幕ごっこ,ダンマクゴッコ,ダンマクゴッコ,*/*,*
幻想郷風土記,1345,1345,8000,名詞,一般,*,*,*,*,幻想郷風土記,ゲンソウキョウフウドキ,ゲンソウキョウフウドキ,*/*,*
命名決闘法案,1345,1345,8000,名詞,一般,*,*,*,*,命名決闘法案,メイメイケットウホウアン,メイメイケットウホウアン,*/*,*
妖怪拡張計画,1345,1345,8000,名詞,一般,*,*,*,*,妖怪拡張計画,ヨウカイカクチョウケイカク,ヨウカイカクチョウケイカク,*/*,*
幽霊移民計画,1345,1345,8000,名詞,一般,*,*,*,*,幽霊移民計画,ユウレイイミンケイカク,ユウレイイミンケイカク,*/*,*
住吉計画,1345,1345,8000,名詞,一般,*,*,*,*,住吉計画,スミヨシケイカク,スミヨシケイカク,*/*,*
住吉月面侵略計画,1345,1345,8000,名詞,一般,*,*,*,*,住吉月面侵略計画,スミヨシゲツメンシンリャクケイカク,スミヨシゲツメンシンリャクケイカク,*/*,*
紅霧異変,1345,1345,8000,名詞,一般,*,*,*,*,紅霧異変,コウムイヘン,コウムイヘン,*/*,*
春雪異変,1345,1345,8000,名詞,一般,*,*,*,*,春雪異変,シュンセツイヘン,シュンセツイヘン,*/*,*
幽霊騒動,1345,1345,8000,名詞,一般,*,*,*,*,幽霊騒動,ユウレイソウドウ,ユウレイソウドウ,*/*,*
三日置きの百鬼夜行,1345,1345,8000,名詞,一般,*,*,*,*,三日置きの百鬼夜行,ミッカオキノヒャッキヤコウ,ミッカオキノヒャッキヤコウ,*/*,*
永夜異変,1345,1345,8000,名詞,一般,*,*,*,*,永夜異変,エイヤイヘン,エイヤイヘン,*/*,*
六十年周期の大結界異変,1345,1345,8000,名詞,一般,*,*,*,*,六十年周期の大結界異変,ロクジュウネンシュウキノダイケッカイイヘン,ロクジュウネンシュウキノダイケッカイイヘン,*/*,*
第二次月面戦争,1345,1345,8000,名詞,一般,*,*,*,*,第二次月面戦争,ダイニジゲツメンセンソウ,ダイニジゲツメンセンソウ,*/*,*
逆様異変,1345,1345,8000,名詞,一般,*,*,*,*,逆様異変,サカサマイヘン,サカサマイヘン,*/*,*
幻想月面戦争騒動,1345,1345,8000,名詞,一般,*,*,*,*,幻想月面戦争騒動,ゲンソウゲツメンセンソウソウドウ,ゲンソウゲツメンセンソウソウドウ,*/*,*
大結界騒動,1345,1345,8000,名詞,一般,*,*,*,*,大結界騒動,ダイケッカイソウドウ,ダイケッカイソウドウ,*/*,*
吸血鬼異変,1345,1345,8000,名詞,一般,*,*,*,*,吸血鬼異変,キュウケツキイヘン,キュウケツキイヘン,*/*,*
妖精大戦争,1345,1345,8000,名詞,一般,*,*,*,*,妖精大戦争,ヨウセイダイセンソウ,ヨウセイダイセンソウ,*/*,*
都市伝説異変,1345,1345,8000,名詞,一般,*,*,*,*,都市伝説異変,トシデンセツイヘン,トシデンセツイヘン,*/*,*
完全憑依異変,1345,1345,8000,名詞,一般,*,*,*,*,完全憑依異変,カンゼンヒョウイイヘン,カンゼンヒョウイイヘン,*/*,*
四季異変,1345,1345,8000,名詞,一般,*,*,*,*,四季異変,シキイヘン,シキイヘン,*/*,*
妖怪太陰暦,1345,1345,8000,名詞,一般,*,*,*,*,妖怪太陰暦,ヨウカイタイインレキ,ヨウカイタイインレキ,*/*,*
妖獣,1345,1345,8000,名詞,一般,*,*,*,*,妖獣,ヨウジュウ,ヨウジュウ,*/*,*
天魔,1345,1345,8000,名詞,一般,*,*,*,*,天魔,テンマ,テンマ,*/*,*
鴉天狗,1345,1345,8000,名詞,一般,*,*,*,*,鴉天狗,カラステング,カラステング,*/*,*
大天狗,1345,1345,8000,名詞,一般,*,*,*,*,大天狗,ダイテング,ダイテング,*/*,*
鼻高天狗,1345,1345,8000,名詞,一般,*,*,*,*,鼻高天狗,ハナタカテング,ハナタカテング,*/*,*
白狼天狗,1345,1345,8000,名詞,一般,*,*,*,*,白狼天狗,ハクロウテング,ハクロウテング,*/*,*
山伏天狗,1345,1345,8000,名詞,一般,*,*,*,*,山伏天狗,ヤマブシテング,ヤマブシテング,*/*,*
月人,1345,1345,8000,名詞,一般,*,*,*,*,月人,ツキビト,ツキビト,*/*,*
玉兎,1345,1345,8000,名詞,一般,*,*,*,*,玉兎,ギョクト,ギョクト,*/*,*
半人半霊,1345,1345,8000,名詞,一般,*,*,*,*,半人半霊,ハンジンハンレイ,ハンジンハンレイ,*/*,*
蓬莱人,1345,1345,8000,名詞,一般,*,*,*,*,蓬莱人,ホウライビト,ホウライビト,*/*,*
八百万の神,1345,1345,8000,名詞,一般,*,*,*,*,八百万の神,ヤオヨロズノカミ,ヤオヨロズノカミ,*/*,*
土着神,1345,1345,8000,名詞,一般,*,*,*,*,土着神,ドチャクシン,ドチャクシン,*/*,*
天津神,1345,1345,8000,名詞,一般,*,*,*,*,天津神,アマツカミ,アマツカミ,*/*,*
夜雀,1345,1345,8000,名詞,一般,*,*,*,*,夜雀,ヨスズメ,ヨスズメ,*/*,*
釣瓶落とし,1345,1345,8000,名詞,一般,*,*,*,*,釣瓶落とし,ツルベオトシ,ツルベオトシ,*/*,*
地獄鴉,1345,1345,8000,名詞,一般,*,*,*,*,地獄鴉,ジゴクガラス,ジゴクガラス,*/*,*
面霊気,1345,1345,8000,名詞,一般,*,*,*,*,面霊気,メンレイキ,メンレイキ,*/*,*
秘神,1345,1345,8000,名詞,一般,*,*,*,*,秘神,ヒシン,ヒシン,*/*,*
山女郎,1345,1345,8000,名詞,一般,*,*,*,*,山女郎,ヤマジョロウ,ヤマジョロウ,*/*,*
酔魔,1345,1345,8000,名詞,一般,*,*,*,*,酔魔,スイマ,スイマ,*/*,*
幻夢界,1345,1345,8000,名詞,一般,*,*,*,*,幻夢界,ゲンムカイ,ゲンムカイ,*/*,*
夢幻世界,1345,1345,8000,名詞,一般,*,*,*,*,夢幻世界,ムゲンセカイ,ムゲンセカイ,*/*,*
人間の里,1345,1345,8000,名詞,一般,*,*,*,*,人間の里,ニンゲンノサト,ニンゲンノサト,*/*,*
魔法の森,1345,1345,8000,名詞,一般,*,*,*,*,魔法の森,マホウノモリ,マホウノモリ,*/*,*
霧の湖,1345,1345,8000,名詞,一般,*,*,*,*,霧の湖,キリノミズウミ,キリノミズウミ,*/*,*
マヨヒガ,1345,1345,8000,名詞,一般,*,*,*,*,マヨヒガ,マヨイガ,マヨイガ,*/*,*
冥界,1345,1345,8000,名詞,一般,*,*,*,*,冥界,メイカイ,メイカイ,*/*,*
迷いの竹林,1345,1345,8000,名詞,一般,*,*,*,*,迷いの竹林,マヨイノチクリン,マヨイノチクリン,*/*,*
太陽の畑,1345,1345,8000,名詞,一般,*,*,*,*,太陽の畑,タイヨウノハタケ,タイヨウノハタケ,*/*,*
無名の丘,1345,1345,8000,名詞,一般,*,*,*,*,無名の丘,ムメイノオカ,ムメイノオカ,*/*,*
再思の道,1345,1345,8000,名詞,一般,*,*,*,*,再思の道,サイシノミチ,サイシノミチ,*/*,*
無縁塚,1345,1345,8000,名詞,一般,*,*,*,*,無縁塚,ムエンヅカ,ムエンヅカ,*/*,*
紫の桜,1345,1345,8000,名詞,一般,*,*,*,*,紫の桜,ムラサキノサクラ,ムラサキノサクラ,*/*,*
三途の川,1345,1345,8000,名詞,一般,*,*,*,*,三途の川,サンズノカワ,サンズノカワ,*/*,*
賽の河原,1345,1345,8000,名詞,一般,*,*,*,*,賽の河原,サイノカワラ,サイノカワラ,*/*,*
彼岸,1345,1345,8000,名詞,一般,*,*,*,*,彼岸,ヒガン,ヒガン,*/*,*
妖怪の山,1345,1345,8000,名詞,一般,*,*,*,*,妖怪の山,ヨウカイノヤマ,ヨウカイノヤマ,*/*,*
玄武の沢,1345,1345,8000,名詞,一般,*,*,*,*,玄武の沢,ゲンブノサワ,ゲンブノサワ,*/*,*
九天の滝,1345,1345,8000,名詞,一般,*,*,*,*,九天の滝,クテンノタキ,クテンノタキ,*/*,*
大蝦蟇の池,1345,1345,8000,名詞,一般,*,*,*,*,大蝦蟇の池,オオガマノイケ,オオガマノイケ,*/*,*
中有の道,1345,1345,8000,名詞,一般,*,*,*,*,中有の道,チュウウノミチ,チュウウノミチ,*/*,*
旧地獄,1345,1345,8000,名詞,一般,*,*,*,*,旧地獄,キュウジゴク,キュウジゴク,*/*,*
旧地獄街道,1345,1345,8000,名詞,一般,*,*,*,*,旧地獄街道,キュウジゴクカイドウ,キュウジゴクカイドウ,*/*,*
旧都,1345,1345,8000,名詞,一般,*,*,*,*,旧都,キュウト,キュウト,*/*,*
灼熱地獄跡,1345,1345,8000,名詞,一般,*,*,*,*,灼熱地獄跡,シャクネツジゴクアト,シャクネツジゴクアト,*/*,*
魔界,1345,1345,8000,名詞,一般,*,*,*,*,魔界,マカイ,マカイ,*/*,*
法界,1345,1345,8000,名詞,一般,*,*,*,*,法界,ホッカイ,ホッカイ,*/*,*
天界,1345,1345,8000,名詞,一般,*,*,*,*,天界,テンカイ,テンカイ,*/*,*
仙界,1345,1345,8000,名詞,一般,*,*,*,*,仙界,センカイ,センカイ,*/*,*
有頂天,1345,1345,8000,名詞,一般,*,*,*,*,有頂天,ウチョウテン,ウチョウテン,*/*,*
月の都,1345,1345,8000,名詞,一般,*,*,*,*,月の都,ツキノミヤコ,ツキノミヤコ,*/*,*
畜生界,1345,1345,8000,名詞,一般,*,*,*,*,畜生界,チクショウカイ,チクショウカイ,*/*,*
後戸の国,1345,1345,8000,名詞,一般,*,*,*,*,後戸の国,ウシロドノクニ,ウシロドノクニ,*/*,*
虹龍洞,1345,1345,8000,名詞,一般,*,*,*,*,虹龍洞,コウリュウドウ,コウリュウドウ,*/*,*
秘天崖,1345,1345,8000,名詞,一般,*,*,*,*,秘天崖,ヒテンガケ,ヒテンガケ,*/*,*
偽天棚,1345,1345,8000,名詞,一般,*,*,*,*,偽天棚,ギテンダナ,ギテンダナ,*/*,*
靈魔殿,1345,1345,8000,名詞,一般,*,*,*,*,靈魔殿,レイマデン,レイマデン,*/*,*
夢幻遺跡,1345,1345,8000,名詞,一般,*,*,*,*,夢幻遺跡,ムゲンイセキ,ムゲンイセキ,*/*,*
可能性空間移動船,1345,1345,8000,名詞,一般,*,*,*,*,可能性空間移動船,カノウセイクウカンイドウセン,カノウセイクウカンイドウセン,*/*,*
夢幻館,1345,1345,8000,名詞,一般,*,*,*,*,夢幻館,ムゲンカン,ムゲンカン,*/*,*
博麗神社,1345,1345,8000,名詞,一般,*,*,*,*,博麗神社,ハクレイジンジャ,ハクレイジンジャ,*/*,*
紅魔館,1345,1345,8000,名詞,一般,*,*,*,*,紅魔館,コウマカン,コウマカン,*/*,*
廃洋館,1345,1345,8000,名詞,一般,*,*,*,*,廃洋館,ハイヨウカン,ハイヨウカン,*/*,*
白玉楼,1345,1345,8000,名詞,一般,*,*,*,*,白玉楼,ハクギョクロウ,ハクギョクロウ,*/*,*
西行妖,1345,1345,8000,名詞,一般,*,*,*,*,西行妖,サイギョウアヤカシ,サイギョウアヤカシ,*/*,*
永遠亭,1345,1345,8000,名詞,一般,*,*,*,*,永遠亭,エイエンテイ,エイエンテイ,*/*,*
是非曲直庁,1345,1345,8000,名詞,一般,*,*,*,*,是非曲直庁,ゼヒキョクチョクチョウ,ゼヒキョクチョクチョウ,*/*,*
守矢神社,1345,1345,8000,名詞,一般,*,*,*,*,守矢神社,モリヤジンジャ,モリヤジンジャ,*/*,*
地霊殿,1345,1345,8000,名詞,一般,*,*,*,*,地霊殿,チレイデン,チレイデン,*/*,*
命蓮寺,1345,1345,8000,名詞,一般,*,*,*,*,命蓮寺,ミョウレンジ,ミョウレンジ,*/*,*
聖輦船,1345,1345,8000,名詞,一般,*,*,*,*,聖輦船,セイレンセン,セイレンセン,*/*,*
夢殿大祀廟,1345,1345,8000,名詞,一般,*,*,*,*,夢殿大祀廟,ユメドノダイシビョウ,ユメドノダイシビョウ,*/*,*
神霊廟,1345,1345,8000,名詞,一般,*,*,*,*,神霊廟,シンレイビョウ,シンレイビョウ,*/*,*
輝針城,1345,1345,8000,名詞,一般,*,*,*,*,輝針城,キシンジョウ,キシンジョウ,*/*,*
香霖堂,1345,1345,8000,名詞,一般,*,*,*,*,香霖堂,コウリンドウ,コウリンドウ,*/*,*
鈴奈庵,1345,1345,8000,名詞,一般,*,*,*,*,鈴奈庵,スズナアン,スズナアン,*/*,*
霧雨魔法店,1345,1345,8000,名詞,一般,*,*,*,*,霧雨魔法店,キリサメマホウテン,キリサメマホウテン,*/*,*
霊長園,1345,1345,8000,名詞,一般,*,*,*,*,霊長園,レイチョウエン,レイチョウエン,*/*,*
東深見高校,1345,1345,8000,名詞,一般,*,*,*,*,東深見高校,ヒガシフカミコウコウ,ヒガシフカミコウコウ,*/*,*
鯢呑亭,1345,1345,8000,名詞,一般,*,*,*,*,鯢呑亭,ゲイドンテイ,ゲイドンテイ,*/*,*
幺樂団,1345,1345,8000,名詞,一般,*,*,*,*,幺樂団,ヨウガクダン,ヨウガクダン,*/*,*
秘封倶楽部,1345,1345,8000,名詞,一般,*,*,*,*,秘封倶楽部,ヒフウクラブ,ヒフウクラブ,*/*,*
兎角同盟,1345,1345,8000,名詞,一般,*,*,*,*,兎角同盟,トカクドウメイ,トカクドウメイ,*/*,*
兎角同盟製薬,1345,1345,8000,名詞,一般,*,*,*,*,兎角同盟製薬,トカクドウメイセイヤク,トカクドウメイセイヤク,*/*,*
鬼傑組,1345,1345,8000,名詞,一般,*,*,*,*,鬼傑組,キケツグミ,キケツグミ,*/*,*
勁牙組,1345,1345,8000,名詞,一般,*,*,*,*,勁牙組,ケイガグミ,ケイガグミ,*/*,*
剛欲同盟,1345,1345,8000,名詞,一般,*,*,*,*,剛欲同盟,ゴウヨクドウメイ,ゴウヨクドウメイ,*/*,*
埴輪兵団,1345,1345,8000,名詞,一般,*,*,*,*,埴輪兵団,ハニワヘイダン,ハニワヘイダン,*/*,*
鳥獣伎楽,1345,1345,8000,名詞,一般,*,*,*,*,鳥獣伎楽,チョウジュウギガク,チョウジュウギガク,*/*,*
文々。新聞,1345,1345,8000,名詞,一般,*,*,*,*,文々。新聞,ブンブンマルシンブン,ブンブンマルシンブン,*/*,*
花果子念報,1345,1345,8000,名詞,一般,*,*,*,*,花果子念報,カカシネンポウ,カカシネンポウ,*/*,*
幻想郷縁起,1345,1345,8000,名詞,一般,*,*,*,*,幻想郷縁起,ゲンソウキョウエンギ,ゲンソウキョウエンギ,*/*,*
全て妖怪の仕業なのか,1345,1345,8000,名詞,一般,*,*,*,*,全て妖怪の仕業なのか,スベテヨウカイノシワザナノカ,スベテヨウカイノシワザナノカ,*/*,*
霧雨の剣,1345,1345,8000,名詞,一般,*,*,*,*,霧雨の剣,キリサメノツルギ,キリサメノツルギ,*/*,*
月の羽衣,1345,1345,8000,名詞,一般,*,*,*,*,月の羽衣,ツキノハゴロモ,ツキノハゴロモ,*/*,*
四猿ちゃん,1345,1345,8000,名詞,一般,*,*,*,*,四猿ちゃん,シザルチャン,シザルチャン,*/*,*
茨木の百薬枡,1345,1345,8000,名詞,一般,*,*,*,*,茨木の百薬枡,イバラキノヒャクヤクマス,イバラキノヒャクヤクマス,*/*,*
妖魔本,1345,1345,8000,名詞,一般,*,*,*,*,妖魔本,ヨウマボン,ヨウマボン,*/*,*
希望の面,1345,1345,8000,名詞,一般,*,*,*,*,希望の面,キボウノメン,キボウノメン,*/*,*
陰陽玉,1345,1345,8000,名詞,一般,*,*,*,*,陰陽玉,オンミョウギョク,オンミョウギョク,*/*,*
ミニ八卦炉,1345,1345,8000,名詞,一般,*,*,*,*,ミニ八卦炉,ミニハッケロ,ミニハッケロ,*/*,*
白楼剣,1345,1345,8000,名詞,一般,*,*,*,*,白楼剣,ハクロウケン,ハクロウケン,*/*,*
楼観剣,1345,1345,8000,名詞,一般,*,*,*,*,楼観剣,ロウカンケン,ロウカンケン,*/*,*
燕の子安貝,1345,1345,8000,名詞,一般,*,*,*,*,燕の子安貝,ツバメノコヤスガイ,ツバメノコヤスガイ,*/*,*
火鼠の皮衣,1345,1345,8000,名詞,一般,*,*,*,*,火鼠の皮衣,ヒネズミノカワゴロモ,ヒネズミノカワゴロモ,*/*,*
仏の御石の鉢,1345,1345,8000,名詞,一般,*,*,*,*,仏の御石の鉢,ホトケノミイシノハチ,ホトケノミイシノハチ,*/*,*
龍の頸の玉,1345,1345,8000,名詞,一般,*,*,*,*,龍の頸の玉,リュウノクビノタマ,リュウノクビノタマ,*/*,*
蓬莱の玉の枝,1345,1345,8000,名詞,一般,*,*,*,*,蓬莱の玉の枝,ホウライノタマノエ,ホウライノタマノエ,*/*,*
蓬莱の薬,1345,1345,8000,名詞,一般,*,*,*,*,蓬莱の薬,ホウライノクスリ,ホウライノクスリ,*/*,*
緋想の剣,1345,1345,8000,名詞,一般,*,*,*,*,緋想の剣,ヒソウノツルギ,ヒソウノツルギ,*/*,*
要石,1345,1345,8000,名詞,一般,*,*,*,*,要石,カナメイシ,カナメイシ,*/*,*
宝塔,1345,1345,8000,名詞,一般,*,*,*,*,宝塔,ホウトウ,ホウトウ,*/*,*
魔人経巻,1345,1345,8000,名詞,一般,*,*,*,*,魔人経巻,マジンキョウカン,マジンキョウカン,*/*,*
正体不明の種,1345,1345,8000,名詞,一般,*,*,*,*,正体不明の種,ショウタイフメイノタネ,ショウタイフメイノタネ,*/*,*
悔悟棒,1345,1345,8000,名詞,一般,*,*,*,*,悔悟棒,カイゴボウ,カイゴボウ,*/*,*
浄玻璃の鏡,1345,1345,8000,名詞,一般,*,*,*,*,浄玻璃の鏡,ジョウハリノカガミ,ジョウハリノカガミ,*/*,*
恋々音樂館,1345,1345,8000,名詞,一般,*,*,*,*,恋々音樂館,レンレンオンガクカン,レンレンオンガクカン,*/*,*
妖々音樂室,1345,1345,8000,名詞,一般,*,*,*,*,妖々音樂室,ヨウヨウオンガクシツ,ヨウヨウオンガクシツ,*/*,*
夢想曲抜萃,1345,1345,8000,名詞,一般,*,*,*,*,夢想曲抜萃,ムソウキョクバッスイ,ムソウキョクバッスイ,*/*,*
夜一夜樂団,1345,1345,8000,名詞,一般,*,*,*,*,夜一夜樂団,ヨヒトヨガクダン,ヨヒトヨガクダン,*/*,*
季候音楽室,1345,1345,8000,名詞,一般,*,*,*,*,季候音楽室,キコウオンガクシツ,キコウオンガクシツ,*/*,*
文久の調べ,1345,1345,8000,名詞,一般,*,*,*,*,文久の調べ,ブンキュウノシラベ,ブンキュウノシラベ,*/*,*
神々の休憩所,1345,1345,8000,名詞,一般,*,*,*,*,神々の休憩所,カミガミノキュウケイジョ,カミガミノキュウケイジョ,*/*,*
ちょっとお茶でも,1345,1345,8000,名詞,一般,*,*,*,*,ちょっとお茶でも,チョットオチャデモ,チョットオチャデモ,*/*,*
題名のいらない音楽室,1345,1345,8000,名詞,一般,*,*,*,*,題名のいらない音楽室,ダイメイノイラナイオンガクシツ,ダイメイノイラナイオンガクシツ,*/*,*
山の音楽室,1345,1345,8000,名詞,一般,*,*,*,*,山の音楽室,ヤマノオンガクシツ,ヤマノオンガクシツ,*/*,*
おんがくをきこう！,1345,1345,8000,名詞,一般,*,*,*,*,おんがくをきこう！,オンガクヲキコウ,オンガクヲキコウ,*/*,*
霊界音楽室,1345,1345,8000,名詞,一般,*,*,*,*,霊界音楽室,レイカイオンガクシツ,レイカイオンガクシツ,*/*,*
輝け！音楽室,1345,1345,8000,名詞,一般,*,*,*,*,輝け！音楽室,カガヤケオンガクシツ,カガヤケオンガクシツ,*/*,*
反撃の音楽室,1345,1345,8000,名詞,一般,*,*,*,*,反撃の音楽室,ハンゲキノオンガクシツ,ハンゲキノオンガクシツ,*/*,*
穢れなき音楽室,1345,1345,8000,名詞,一般,*,*,*,*,穢れなき音楽室,ケガレナキオンガクシツ,ケガレナキオンガクシツ,*/*,*
四季折々の音楽室,1345,1345,8000,名詞,一般,*,*,*,*,四季折々の音楽室,シキオリオリノオンガクシツ,シキオリオリノオンガクシツ,*/*,*
秘封音楽室,1345,1345,8000,名詞,一般,*,*,*,*,秘封音楽室,ヒフウオンガクシツ,ヒフウオンガクシツ,*/*,*
百獣の音楽室,1345,1345,8000,名詞,一般,*,*,*,*,百獣の音楽室,ヒャクジュウノオンガクシツ,ヒャクジュウノオンガクシツ,*/*,*
虹霓の音楽室,1345,1345,8000,名詞,一般,*,*,*,*,虹霓の音楽室,コウゲイノオンガクシツ,コウゲイノオンガクシツ,*/*,*
獣王達の音楽室,1345,1345,8000,名詞,一般,*,*,*,*,獣王達の音楽室,ジュウオウタチノオンガクシツ,ジュウオウタチノオンガクシツ,*/*,*
月都万象展,1345,1345,8000,名詞,一般,*,*,*,*,月都万象展,ゲットバンショウテン,ゲットバンショウテン,*/*,*
半霊,1345,1345,8000,名詞,一般,*,*,*,*,半霊,ハンレイ,ハンレイ,*/*,*
御阿礼,1345,1345,8000,名詞,一般,*,*,*,*,御阿礼,ミアレ,ミアレ,*/*,*
御阿礼の子,1345,1345,8000,名詞,一般,*,*,*,*,御阿礼の子,ミアレノコ,ミアレノコ,*/*,*
阿礼乙女,1345,1345,8000,名詞,一般,*,*,*,*,阿礼乙女,アレオトメ,アレオトメ,*/*,*
阿礼男,1345,1345,8000,名詞,一般,*,*,*,*,阿礼男,アレオトコ,アレオトコ,*/*,*
ZUN帽,1345,1345,8000,名詞,一般,*,*,*,*,ZUN帽,ズンボウ,ズンボウ,*/*,*
春告精,1345,1345,8000,名詞,一般,*,*,*,*,春告精,ハルツゲセイ,ハルツゲセイ,*/*,*
騒霊三姉妹,1345,1345,8000,名詞,一般,*,*,*,*,騒霊三姉妹,ソウレイサンシマイ,ソウレイサンシマイ,*/*,*
三妖精,1345,1345,8000,名詞,一般,*,*,*,*,三妖精,サンヨウセイ,サンヨウセイ,*/*,*
光の三妖精,1345,1345,8000,名詞,一般,*,*,*,*,光の三妖精,ヒカリノサンヨウセイ,ヒカリノサンヨウセイ,*/*,*
紅魔,1345,1345,8000,名詞,一般,*,*,*,*,紅魔,コウマ,コウマ,*/*,*
亜阿相界,1345,1345,8000,名詞,一般,*,*,*,*,亜阿相界,アアソウカイ,アアソウカイ,*/*,*
氷精,1345,1345,8000,名詞,一般,*,*,*,*,氷精,ヒョウセイ,ヒョウセイ,*/*,*
萃ま,1345,1345,8000,名詞,一般,*,*,*,*,萃ま,アツマ,アツマ,*/*,*
萃め,1345,1345,8000,名詞,一般,*,*,*,*,萃め,アツメ,アツメ,*/*,*
尸解仙,1345,1345,8000,名詞,一般,*,*,*,*,尸解仙,シカイセン,シカイセン,*/*,*
酒呑童子,1345,1345,8000,名詞,一般,*,*,*,*,酒呑童子,シュテンドウジ,シュテンドウジ,*/*,*
飛頭蛮,1345,1345,8000,名詞,一般,*,*,*,*,飛頭蛮,ヒトウバン,ヒトウバン,*/*,*
ケロちゃん,1345,1345,8000,名詞,一般,*,*,*,*,ケロちゃん,ケロチャン,ケロチャン,*/*,*
ミシャグジ様,1345,1345,8000,名詞,一般,*,*,*,*,ミシャグジ様,ミシャグジサマ,ミシャグジサマ,*/*,*
求聞持,1345,1345,8000,名詞,一般,*,*,*,*,求聞持,グモンジ,グモンジ,*/*,*
秘封,1345,1345,8000,名詞,一般,*,*,*,*,秘封,ヒフウ,ヒフウ,*/*,*
童祭,1345,1345,8000,名詞,一般,*,*,*,*,童祭,ワラベマツリ,ワラベマツリ,*/*,*
腋巫女,1345,1345,8000,名詞,一般,*,*,*,*,腋巫女,ワキミコ,ワキミコ,*/*,*
東方我楽多叢誌 ～strange article of the outer world～,1345,1345,8000,名詞,一般,*,*,*,*,東方我楽多叢誌 ～strange article of the outer world～,トウホウガラクタソウシ,トウホウガラクタソウシ,*/*,*
東方我楽多叢誌,1345,1345,8000,名詞,一般,*,*,*,*,東方我楽多叢誌,トウホウガラクタソウシ,トウホウガラクタソウシ,*/*,*
我楽多叢誌,1345,1345,8000,名詞,一般,*,*,*,*,我楽多叢誌,ガラクタソウシ,ガラクタソウシ,*/*,*
博麗神社例大祭,1345,1345,8000,名詞,一般,*,*,*,*,博麗神社例大祭,ハクレイジンジャレイタイサイ,ハクレイジンジャレイタイサイ,*/*,*
博麗神社例大祭SP,1345,1345,8000,名詞,一般,*,*,*,*,博麗神社例大祭SP,ハクレイジンジャレイタイサイスペシャル,ハクレイジンジャレイタイサイスペシャル,*/*,*
博麗神社秋季例大祭,1345,1345,8000,名詞,一般,*,*,*,*,博麗神社秋季例大祭,ハクレイジンジャシュウキレイタイサイ,ハクレイジンジャシュウキレイタイサイ,*/*,*
台湾例大祭,1345,1345,8000,名詞,一般,*,*,*,*,台湾例大祭,タイワンレイタイサイ,タイワンレイタイサイ,*/*,*
秋季例大祭,1345,1345,8000,名詞,一般,*,*,*,*,秋季例大祭,シュウキレイタイサイ,シュウキレイタイサイ,*/*,*
例大祭SP,1345,1345,8000,名詞,一般,*,*,*,*,例大祭SP,レイタイサイスペシャル,レイタイサイスペシャル,*/*,*
例大祭,1345,1345,8000,名詞,一般,*,*,*,*,例大祭,レイタイサイ,レイタイサイ,*/*,*
東方紅楼夢,1345,1345,8000,名詞,一般,*,*,*,*,東方紅楼夢,トウホウコウロウム,トウホウコウロウム,*/*,*
紅楼夢,1345,1345,8000,名詞,一般,*,*,*,*,紅楼夢,コウロウム,コウロウム,*/*,*
東方神居祭,1345,1345,8000,名詞,一般,*,*,*,*,東方神居祭,トウホウカムイサイ,トウホウカムイサイ,*/*,*
神居祭,1345,1345,8000,名詞,一般,*,*,*,*,神居祭,カムイサイ,カムイサイ,*/*,*
東方崇敬祭,1345,1345,8000,名詞,一般,*,*,*,*,東方崇敬祭,トウホウスウケイサイ,トウホウスウケイサイ,*/*,*
崇敬祭,1345,1345,8000,名詞,一般,*,*,*,*,崇敬祭,スウケイサイ,スウケイサイ,*/*,*
幺樂団カァニバル！,1345,1345,8000,名詞,一般,*,*,*,*,幺樂団カァニバル！,ヨウガクダンカァニバル,ヨウガクダンカァニバル,*/*,*
すいかといっしょ,1345,1345,8000,名詞,一般,*,*,*,*,すいかといっしょ,スイカトイッショ,スイカトイッショ,*/*,*
華激ノ宴,1345,1345,8000,名詞,一般,*,*,*,*,華激ノ宴,カゲキノウタゲ,カゲキノウタゲ,*/*,*
東方蛍光祭,1345,1345,8000,名詞,一般,*,*,*,*,東方蛍光祭,トウホウケイコウサイ,トウホウケイコウサイ,*/*,*
蛍光祭,1345,1345,8000,名詞,一般,*,*,*,*,蛍光祭,ケイコウサイ,ケイコウサイ,*/*,*
境界から視えた外界,1345,1345,8000,名詞,一般,*,*,*,*,境界から視えた外界,キョウカイカラミエタケシキ,キョウカイカラミエタケシキ,*/*,*
地底の読心裁判,1345,1345,8000,名詞,一般,*,*,*,*,地底の読心裁判,チテイノドクシンサイバン,チテイノドクシンサイバン,*/*,*
東方合同祭事,1345,1345,8000,名詞,一般,*,*,*,*,東方合同祭事,トウホウゴウドウサイジ,トウホウゴウドウサイジ,*/*,*
月の宴,1345,1345,8000,名詞,一般,*,*,*,*,月の宴,ツキノウタゲ,ツキノウタゲ,*/*,*
東方例月祭,1345,1345,8000,名詞,一般,*,*,*,*,東方例月祭,トウホウレイゲツサイ,トウホウレイゲツサイ,*/*,*
例月祭,1345,1345,8000,名詞,一般,*,*,*,*,例月祭,レイゲツサイ,レイゲツサイ,*/*,*
紅のひろば,1345,1345,8000,名詞,一般,*,*,*,*,紅のひろば,アカノヒロバ,アカノヒロバ,*/*,*
ようせいげんき！,1345,1345,8000,名詞,一般,*,*,*,*,ようせいげんき！,ヨウセイゲンキ,ヨウセイゲンキ,*/*,*
東方想七日,1345,1345,8000,名詞,一般,*,*,*,*,東方想七日,トウホウソウナノカ,トウホウソウナノカ,*/*,*
想七日,1345,1345,8000,名詞,一般,*,*,*,*,想七日,ソウナノカ,ソウナノカ,*/*,*
諏訪風神祭,1345,1345,8000,名詞,一般,*,*,*,*,諏訪風神祭,スワフウジンサイ,スワフウジンサイ,*/*,*
諏訪神秋祭,1345,1345,8000,名詞,一般,*,*,*,*,諏訪神秋祭,スワジンシュウサイ,スワジンシュウサイ,*/*,*
東方多宴祭,1345,1345,8000,名詞,一般,*,*,*,*,東方多宴祭,トウホウタエンサイ,トウホウタエンサイ,*/*,*
多宴祭,1345,1345,8000,名詞,一般,*,*,*,*,多宴祭,タエンサイ,タエンサイ,*/*,*
鈴奈幻想絵巻,1345,1345,8000,名詞,一般,*,*,*,*,鈴奈幻想絵巻,スズナゲンソウエマキ,スズナゲンソウエマキ,*/*,*
東方名華祭,1345,1345,8000,名詞,一般,*,*,*,*,東方名華祭,トウホウメイカサイ,トウホウメイカサイ,*/*,*
名華祭,1345,1345,8000,名詞,一般,*,*,*,*,名華祭,メイカサイ,メイカサイ,*/*,*
新月妖魔夜行,1345,1345,8000,名詞,一般,*,*,*,*,新月妖魔夜行,シンゲツヨウマヤコウ,シンゲツヨウマヤコウ,*/*,*
幻想郷サミット,1345,1345,8000,名詞,一般,*,*,*,*,幻想郷サミット,ゲンソウキョウサミット,ゲンソウキョウサミット,*/*,*
命蓮寺大縁日,1345,1345,8000,名詞,一般,*,*,*,*,命蓮寺大縁日,ミョウレンジダイエンニチ,ミョウレンジダイエンニチ,*/*,*
太子さま復活祭,1345,1345,8000,名詞,一般,*,*,*,*,太子さま復活祭,タイシサマフッカツサイ,タイシサマフッカツサイ,*/*,*
幻想花まつり,1345,1345,8000,名詞,一般,*,*,*,*,幻想花まつり,ゲンソウハナマツリ,ゲンソウハナマツリ,*/*,*
東方名月祭,1345,1345,8000,名詞,一般,*,*,*,*,東方名月祭,トウホウメイゲツサイ,トウホウメイゲツサイ,*/*,*
蓬莱カレイドスコオプ,1345,1345,8000,名詞,一般,*,*,*,*,蓬莱カレイドスコオプ,ホウライカレイドスコオプ,ホウライカレイドスコオプ,*/*,*
古明地こんぷれっくす,1345,1345,8000,名詞,一般,*,*,*,*,古明地こんぷれっくす,コメイジコンプレックス,コメイジコンプレックス,*/*,*
文々。新聞友の会,1345,1345,8000,名詞,一般,*,*,*,*,文々。新聞友の会,ブンブンマルシンブントモノカイ,ブンブンマルシンブントモノカイ,*/*,*
科学世紀のカフェテラス,1345,1345,8000,名詞,一般,*,*,*,*,科学世紀のカフェテラス,カガクセイキノカフェテラス,カガクセイキノカフェテラス,*/*,*
求代目の紅茶会,1345,1345,8000,名詞,一般,*,*,*,*,求代目の紅茶会,キュウダイメノコウチャカイ,キュウダイメノコウチャカイ,*/*,*
エンジニアワルツ,1345,1345,8000,名詞,一般,*,*,*,*,エンジニアワルツ,エンジニアワルツ,エンジニアワルツ,*/*,*
東方遊宴雀,1345,1345,8000,名詞,一般,*,*,*,*,東方遊宴雀,トウホウユウエンジャク,トウホウユウエンジャク,*/*,*
遊宴雀,1345,1345,8000,名詞,一般,*,*,*,*,遊宴雀,ユウエンジャク,ユウエンジャク,*/*,*
八雲幻想祭,1345,1345,8000,名詞,一般,*,*,*,*,八雲幻想祭,ヤクモゲンソウサイ,ヤクモゲンソウサイ,*/*,*
東方椰麟祭,1345,1345,8000,名詞,一般,*,*,*,*,東方椰麟祭,トウホウヤリンサイ,トウホウヤリンサイ,*/*,*
椰麟祭,1345,1345,8000,名詞,一般,*,*,*,*,椰麟祭,ヤリンサイ,ヤリンサイ,*/*,*
東方絢文禄,1345,1345,8000,名詞,一般,*,*,*,*,東方絢文禄,トウホウケンブンロク,トウホウケンブンロク,*/*,*
絢文禄,1345,1345,8000,名詞,一般,*,*,*,*,絢文禄,ケンブンロク,ケンブンロク,*/*,*
大⑨州東方祭,1345,1345,8000,名詞,一般,*,*,*,*,大⑨州東方祭,ダイキュウシュウトウホウサイ,ダイキュウシュウトウホウサイ,*/*,*
大⑨州,1345,1345,8000,名詞,一般,*,*,*,*,大⑨州,ダイキュウシュウ,ダイキュウシュウ,*/*,*
新潟東方祭,1345,1345,8000,名詞,一般,*,*,*,*,新潟東方祭,ニイガタトウホウサイ,ニイガタトウホウサイ,*/*,*
金沢東方祭,1345,1345,8000,名詞,一般,*,*,*,*,金沢東方祭,カナザワトウホウサイ,カナザワトウホウサイ,*/*,*
中四国東方祭,1345,1345,8000,名詞,一般,*,*,*,*,中四国東方祭,チュウシコクトウホウサイ,チュウシコクトウホウサイ,*/*,*
東方ニコ童祭,1345,1345,8000,名詞,一般,*,*,*,*,東方ニコ童祭,トウホウニコドウサイ,トウホウニコドウサイ,*/*,*
ニコ童祭,1345,1345,8000,名詞,一般,*,*,*,*,ニコ童祭,ニコドウサイ,ニコドウサイ,*/*,*