博麗霊夢,1345,1345,8000,名詞,一般,*,*,*,*,博麗霊夢,ハクレイレイム,ハクレイレイム,*/*,*
博麗,1345,1345,8000,名詞,一般,*,*,*,*,博麗,ハクレイ,ハクレイ,*/*,*
霊夢,1345,1345,8000,名詞,一般,*,*,*,*,霊夢,レイム,レイム,*/*,*
博麗靈夢,1345,1345,8000,名詞,一般,*,*,*,*,博麗靈夢,ハクレイレイム,ハクレイレイム,*/*,*
靈夢,1345,1345,8000,名詞,一般,*,*,*,*,靈夢,レイム,レイム,*/*,*
霧雨魔理沙,1345,1345,8000,名詞,一般,*,*,*,*,霧雨魔理沙,キリサメマリサ,キリサメマリサ,*/*,*
霧雨,1345,1345,8000,名詞,一般,*,*,*,*,霧雨,キリサメ,キリサメ,*/*,*
魔理沙,1345,1345,8000,名詞,一般,*,*,*,*,魔理沙,マリサ,マリサ,*/*,*
SinGyoku,1345,1345,8000,名詞,一般,*,*,*,*,SinGyoku,シンギョク,シンギョク,*/*,*
Mima,1345,1345,8000,名詞,一般,*,*,*,*,Mima,ミマ,ミマ,*/*,*
Kikuri,1345,1345,8000,名詞,一般,*,*,*,*,Kikuri,キクリ,キクリ,*/*,*
Konngara,1345,1345,8000,名詞,一般,*,*,*,*,Konngara,コンガラ,コンガラ,*/*,*
YuugenMagan,1345,1345,8000,名詞,一般,*,*,*,*,YuugenMagan,ユウゲンマガン,ユウゲンマガン,*/*,*
Elis,1345,1345,8000,名詞,一般,*,*,*,*,Elis,エリス,エリス,*/*,*
Sariel,1345,1345,8000,名詞,一般,*,*,*,*,Sariel,サリエル,サリエル,*/*,*
玄爺,1345,1345,8000,名詞,一般,*,*,*,*,玄爺,ゲンジイ,ゲンジイ,*/*,*
里香,1345,1345,8000,名詞,一般,*,*,*,*,里香,リカ,リカ,*/*,*
明羅,1345,1345,8000,名詞,一般,*,*,*,*,明羅,メイラ,メイラ,*/*,*
魅魔,1345,1345,8000,名詞,一般,*,*,*,*,魅魔,ミマ,ミマ,*/*,*
エレン,1345,1345,8000,名詞,一般,*,*,*,*,エレン,エレン,エレン,*/*,*
小兎姫,1345,1345,8000,名詞,一般,*,*,*,*,小兎姫,コトヒメ,コトヒメ,*/*,*
カナ・アナベラル,1345,1345,8000,名詞,一般,*,*,*,*,カナ・アナベラル,カナアナベラル,カナアナベラル,*/*,*
カナ,1345,1345,8000,名詞,一般,*,*,*,*,カナ,カナ,カナ,*/*,*
アナベラル,1345,1345,8000,名詞,一般,*,*,*,*,アナベラル,アナベラル,アナベラル,*/*,*
朝倉理香子,1345,1345,8000,名詞,一般,*,*,*,*,朝倉理香子,アサクラリカコ,アサクラリカコ,*/*,*
朝倉,1345,1345,8000,名詞,一般,*,*,*,*,朝倉,アサクラ,アサクラ,*/*,*
理香子,1345,1345,8000,名詞,一般,*,*,*,*,理香子,リカコ,リカコ,*/*,*
北白河ちゆり,1345,1345,8000,名詞,一般,*,*,*,*,北白河ちゆり,キタシラカワチユリ,キタシラカワチユリ,*/*,*
北白河,1345,1345,8000,名詞,一般,*,*,*,*,北白河,キタシラカワ,キタシラカワ,*/*,*
ちゆり,1345,1345,8000,名詞,一般,*,*,*,*,ちゆり,チユリ,チユリ,*/*,*
岡崎夢美,1345,1345,8000,名詞,一般,*,*,*,*,岡崎夢美,オカザキユメミ,オカザキユメミ,*/*,*
岡崎,1345,1345,8000,名詞,一般,*,*,*,*,岡崎,オカザキ,オカザキ,*/*,*
夢美,1345,1345,8000,名詞,一般,*,*,*,*,夢美,ユメミ,ユメミ,*/*,*
ミミちゃん,1345,1345,8000,名詞,一般,*,*,*,*,ミミちゃん,ミミチャン,ミミチャン,*/*,*
オレンジ,1345,1345,8000,名詞,一般,*,*,*,*,オレンジ,オレンジ,オレンジ,*/*,*
くるみ,1345,1345,8000,名詞,一般,*,*,*,*,くるみ,クルミ,クルミ,*/*,*
夢月,1345,1345,8000,名詞,一般,*,*,*,*,夢月,ムゲツ,ムゲツ,*/*,*
幻月,1345,1345,8000,名詞,一般,*,*,*,*,幻月,ゲンゲツ,ゲンゲツ,*/*,*
サラ,1345,1345,8000,名詞,一般,*,*,*,*,サラ,サラ,サラ,*/*,*
ルイズ,1345,1345,8000,名詞,一般,*,*,*,*,ルイズ,ルイズ,ルイズ,*/*,*
ユキ＆マイ,1345,1345,8000,名詞,一般,*,*,*,*,ユキ＆マイ,ユキアンドマイ,ユキアンドマイ,*/*,*
ユキ,1345,1345,8000,名詞,一般,*,*,*,*,ユキ,ユキ,ユキ,*/*,*
マイ,1345,1345,8000,名詞,一般,*,*,*,*,マイ,マイ,マイ,*/*,*
夢子,1345,1345,8000,名詞,一般,*,*,*,*,夢子,ユメコ,ユメコ,*/*,*
神綺,1345,1345,8000,名詞,一般,*,*,*,*,神綺,シンキ,シンキ,*/*,*
大妖精,1345,1345,8000,名詞,一般,*,*,*,*,大妖精,ダイヨウセイ,ダイヨウセイ,*/*,*
チルノ,1345,1345,8000,名詞,一般,*,*,*,*,チルノ,チルノ,チルノ,*/*,*
紅美鈴,1345,1345,8000,名詞,一般,*,*,*,*,紅美鈴,ホンメイリン,ホンメイリン,*/*,*
紅,1345,1345,8000,名詞,一般,*,*,*,*,紅,ホン,ホン,*/*,*
美鈴,1345,1345,8000,名詞,一般,*,*,*,*,美鈴,メイリン,メイリン,*/*,*
小悪魔,1345,1345,8000,名詞,一般,*,*,*,*,小悪魔,コアクマ,コアクマ,*/*,*
十六夜咲夜,1345,1345,8000,名詞,一般,*,*,*,*,十六夜咲夜,イザヨイサクヤ,イザヨイサクヤ,*/*,*
十六夜,1345,1345,8000,名詞,一般,*,*,*,*,十六夜,イザヨイ,イザヨイ,*/*,*
咲夜,1345,1345,8000,名詞,一般,*,*,*,*,咲夜,サクヤ,サクヤ,*/*,*
レミリア・スカーレット,1345,1345,8000,名詞,一般,*,*,*,*,レミリア・スカーレット,レミリア,レミリア,*/*,*
レミリア,1345,1345,8000,名詞,一般,*,*,*,*,レミリア,レミリア,レミリア,*/*,*
冴月麟,1345,1345,8000,名詞,一般,*,*,*,*,冴月麟,サツキリン,サツキリン,*/*,*
冴月,1345,1345,8000,名詞,一般,*,*,*,*,冴月,サツキ,サツキ,*/*,*
麟,1345,1345,8000,名詞,一般,*,*,*,*,麟,リン,リン,*/*,*
レティ・ホワイトロック,1345,1345,8000,名詞,一般,*,*,*,*,レティ・ホワイトロック,レティホワイトロック,レティホワイトロック,*/*,*
レティ,1345,1345,8000,名詞,一般,*,*,*,*,レティ,レティ,レティ,*/*,*
ホワイトロック,1345,1345,8000,名詞,一般,*,*,*,*,ホワイトロック,ホワイトロック,ホワイトロック,*/*,*
橙,1345,1345,8000,名詞,一般,*,*,*,*,橙,チェン,チェン,*/*,*
アリス・マーガトロイド,1345,1345,8000,名詞,一般,*,*,*,*,アリス・マーガトロイド,アリス,アリス,*/*,*
アリス,1345,1345,8000,名詞,一般,*,*,*,*,アリス,アリス,アリス,*/*,*
ルナサ・プリズムリバー,1345,1345,8000,名詞,一般,*,*,*,*,ルナサ・プリズムリバー,ルナサ,ルナサ,*/*,*
ルナサ,1345,1345,8000,名詞,一般,*,*,*,*,ルナサ,ルナサ,ルナサ,*/*,*
メルラン・プリズムリバー,1345,1345,8000,名詞,一般,*,*,*,*,メルラン・プリズムリバー,メルラン,メルラン,*/*,*
メルラン,1345,1345,8000,名詞,一般,*,*,*,*,メルラン,メルラン,メルラン,*/*,*
リリカ・プリズムリバー,1345,1345,8000,名詞,一般,*,*,*,*,リリカ・プリズムリバー,リリカ,リリカ,*/*,*
リリカ,1345,1345,8000,名詞,一般,*,*,*,*,リリカ,リリカ,リリカ,*/*,*
魂魄妖夢,1345,1345,8000,名詞,一般,*,*,*,*,魂魄妖夢,コンパクヨウム,コンパクヨウム,*/*,*
魂魄,1345,1345,8000,名詞,一般,*,*,*,*,魂魄,コンパク,コンパク,*/*,*
妖夢,1345,1345,8000,名詞,一般,*,*,*,*,妖夢,ヨウム,ヨウム,*/*,*
西行寺幽々子,1345,1345,8000,名詞,一般,*,*,*,*,西行寺幽々子,サイギョウジユユコ,サイギョウジユユコ,*/*,*
西行寺,1345,1345,8000,名詞,一般,*,*,*,*,西行寺,サイギョウジ,サイギョウジ,*/*,*
幽々子,1345,1345,8000,名詞,一般,*,*,*,*,幽々子,ユユコ,ユユコ,*/*,*
八雲,1345,1345,8000,名詞,一般,*,*,*,*,八雲,ヤクモ,ヤクモ,*/*,*
八雲藍,1345,1345,8000,名詞,一般,*,*,*,*,八雲藍,ヤクモラン,ヤクモラン,*/*,*
藍,1345,1345,8000,名詞,一般,*,*,*,*,藍,ラン,ラン,*/*,*
八雲紫,1345,1345,8000,名詞,一般,*,*,*,*,八雲紫,ヤクモユカリ,ヤクモユカリ,*/*,*
紫,1345,1345,8000,名詞,一般,*,*,*,*,紫,ユカリ,ユカリ,*/*,*
レイラ・プリズムリバー,1345,1345,8000,名詞,一般,*,*,*,*,レイラ・プリズムリバー,レイラ,レイラ,*/*,*
レイラ,1345,1345,8000,名詞,一般,*,*,*,*,レイラ,レイラ,レイラ,*/*,*
魂魄妖忌,1345,1345,8000,名詞,一般,*,*,*,*,魂魄妖忌,コンパクヨウキ,コンパクヨウキ,*/*,*
妖忌,1345,1345,8000,名詞,一般,*,*,*,*,妖忌,ヨウキ,ヨウキ,*/*,*
伊吹萃香,1345,1345,8000,名詞,一般,*,*,*,*,伊吹萃香,イブキスイカ,イブキスイカ,*/*,*
伊吹,1345,1345,8000,名詞,一般,*,*,*,*,伊吹,イブキ,イブキ,*/*,*
萃香,1345,1345,8000,名詞,一般,*,*,*,*,萃香,スイカ,スイカ,*/*,*
リグル・ナイトバグ,1345,1345,8000,名詞,一般,*,*,*,*,リグル・ナイトバグ,リグルナイトバグ,リグルナイトバグ,*/*,*
リグル,1345,1345,8000,名詞,一般,*,*,*,*,リグル,リグル,リグル,*/*,*
ナイトバグ,1345,1345,8000,名詞,一般,*,*,*,*,ナイトバグ,ナイトバグ,ナイトバグ,*/*,*
ミスティア・ローレライ,1345,1345,8000,名詞,一般,*,*,*,*,ミスティア・ローレライ,ミスティア,ミスティア,*/*,*
ミスティア,1345,1345,8000,名詞,一般,*,*,*,*,ミスティア,ミスティア,ミスティア,*/*,*
上白沢慧音,1345,1345,8000,名詞,一般,*,*,*,*,上白沢慧音,カミシラサワケイネ,カミシラサワケイネ,*/*,*
上白沢,1345,1345,8000,名詞,一般,*,*,*,*,上白沢,カミシラサワ,カミシラサワ,*/*,*
慧音,1345,1345,8000,名詞,一般,*,*,*,*,慧音,ケイネ,ケイネ,*/*,*
因幡てゐ,1345,1345,8000,名詞,一般,*,*,*,*,因幡てゐ,イナバテウィ,イナバテウィ,*/*,*
因幡,1345,1345,8000,名詞,一般,*,*,*,*,因幡,イナバ,イナバ,*/*,*
てゐ,1345,1345,8000,名詞,一般,*,*,*,*,てゐ,テウィ,テウィ,*/*,*
鈴仙・優曇華院・イナバ,1345,1345,8000,名詞,一般,*,*,*,*,鈴仙・優曇華院・イナバ,レイセンウドンゲインイナバ,レイセンウドンゲインイナバ,*/*,*
鈴仙,1345,1345,8000,名詞,一般,*,*,*,*,鈴仙,レイセン,レイセン,*/*,*
優曇華院,1345,1345,8000,名詞,一般,*,*,*,*,優曇華院,ウドンゲイン,ウドンゲイン,*/*,*
イナバ,1345,1345,8000,名詞,一般,*,*,*,*,イナバ,イナバ,イナバ,*/*,*
八意永琳,1345,1345,8000,名詞,一般,*,*,*,*,八意永琳,ヤゴコロエイリン,ヤゴコロエイリン,*/*,*
八意,1345,1345,8000,名詞,一般,*,*,*,*,八意,ヤゴコロ,ヤゴコロ,*/*,*
永琳,1345,1345,8000,名詞,一般,*,*,*,*,永琳,エイリン,エイリン,*/*,*
蓬莱山輝夜,1345,1345,8000,名詞,一般,*,*,*,*,蓬莱山輝夜,ホウライサンカグヤ,ホウライサンカグヤ,*/*,*
蓬莱山,1345,1345,8000,名詞,一般,*,*,*,*,蓬莱山,ホウライサン,ホウライサン,*/*,*
輝夜,1345,1345,8000,名詞,一般,*,*,*,*,輝夜,カグヤ,カグヤ,*/*,*
藤原妹紅,1345,1345,8000,名詞,一般,*,*,*,*,藤原妹紅,フジワラノモコウ,フジワラノモコウ,*/*,*
藤原,1345,1345,8000,名詞,一般,*,*,*,*,藤原,フジワラ,フジワラ,*/*,*
妹紅,1345,1345,8000,名詞,一般,*,*,*,*,妹紅,モコウ,モコウ,*/*,*
射命丸文,1345,1345,8000,名詞,一般,*,*,*,*,射命丸文,シャメイマルアヤ,シャメイマルアヤ,*/*,*
射命丸,1345,1345,8000,名詞,一般,*,*,*,*,射命丸,シャメイマル,シャメイマル,*/*,*
文,1345,1345,8000,名詞,一般,*,*,*,*,文,アヤ,アヤ,*/*,*
メディスン・メランコリー,1345,1345,8000,名詞,一般,*,*,*,*,メディスン・メランコリー,メディスン,メディスン,*/*,*
メディスン,1345,1345,8000,名詞,一般,*,*,*,*,メディスン,メディスン,メディスン,*/*,*
風見幽香,1345,1345,8000,名詞,一般,*,*,*,*,風見幽香,カザミユウカ,カザミユウカ,*/*,*
風見,1345,1345,8000,名詞,一般,*,*,*,*,風見,カザミ,カザミ,*/*,*
幽香,1345,1345,8000,名詞,一般,*,*,*,*,幽香,ユウカ,ユウカ,*/*,*
小野塚小町,1345,1345,8000,名詞,一般,*,*,*,*,小野塚小町,オノヅカコマチ,オノヅカコマチ,*/*,*
小野塚,1345,1345,8000,名詞,一般,*,*,*,*,小野塚,オノヅカ,オノヅカ,*/*,*
小町,1345,1345,8000,名詞,一般,*,*,*,*,小町,コマチ,コマチ,*/*,*
四季映姫・ヤマザナドゥ,1345,1345,8000,名詞,一般,*,*,*,*,四季映姫・ヤマザナドゥ,シキエイキヤマザナドゥ,シキエイキヤマザナドゥ,*/*,*
四季映姫,1345,1345,8000,名詞,一般,*,*,*,*,四季映姫,シキエイキ,シキエイキ,*/*,*
映姫,1345,1345,8000,名詞,一般,*,*,*,*,映姫,エイキ,エイキ,*/*,*
ヤマザナドゥ,1345,1345,8000,名詞,一般,*,*,*,*,ヤマザナドゥ,ヤマザナドゥ,ヤマザナドゥ,*/*,*
秋静葉,1345,1345,8000,名詞,一般,*,*,*,*,秋静葉,アキシズハ,アキシズハ,*/*,*
静葉,1345,1345,8000,名詞,一般,*,*,*,*,静葉,シズハ,シズハ,*/*,*
秋穣子,1345,1345,8000,名詞,一般,*,*,*,*,秋穣子,アキミノリコ,アキミノリコ,*/*,*
穣子,1345,1345,8000,名詞,一般,*,*,*,*,穣子,ミノリコ,ミノリコ,*/*,*
秋,1345,1345,8000,名詞,一般,*,*,*,*,秋,アキ,アキ,*/*,*
鍵山雛,1345,1345,8000,名詞,一般,*,*,*,*,鍵山雛,カギヤマヒナ,カギヤマヒナ,*/*,*
鍵山,1345,1345,8000,名詞,一般,*,*,*,*,鍵山,カギヤマ,カギヤマ,*/*,*
雛,1345,1345,8000,名詞,一般,*,*,*,*,雛,ヒナ,ヒナ,*/*,*
河城にとり,1345,1345,8000,名詞,一般,*,*,*,*,河城にとり,カワシロニトリ,カワシロニトリ,*/*,*
河城,1345,1345,8000,名詞,一般,*,*,*,*,河城,カワシロ,カワシロ,*/*,*
にとり,1345,1345,8000,名詞,一般,*,*,*,*,にとり,ニトリ,ニトリ,*/*,*
犬走椛,1345,1345,8000,名詞,一般,*,*,*,*,犬走椛,イヌバシリモミジ,イヌバシリモミジ,*/*,*
犬走,1345,1345,8000,名詞,一般,*,*,*,*,犬走,イヌバシリ,イヌバシリ,*/*,*
椛,1345,1345,8000,名詞,一般,*,*,*,*,椛,モミジ,モミジ,*/*,*
東風谷早苗,1345,1345,8000,名詞,一般,*,*,*,*,東風谷早苗,コチヤサナエ,コチヤサナエ,*/*,*
東風谷,1345,1345,8000,名詞,一般,*,*,*,*,東風谷,コチヤ,コチヤ,*/*,*
早苗,1345,1345,8000,名詞,一般,*,*,*,*,早苗,サナエ,サナエ,*/*,*
八坂神奈子,1345,1345,8000,名詞,一般,*,*,*,*,八坂神奈子,ヤサカカナコ,ヤサカカナコ,*/*,*
八坂,1345,1345,8000,名詞,一般,*,*,*,*,八坂,ヤサカ,ヤサカ,*/*,*
神奈子,1345,1345,8000,名詞,一般,*,*,*,*,神奈子,カナコ,カナコ,*/*,*
洩矢諏訪子,1345,1345,8000,名詞,一般,*,*,*,*,洩矢諏訪子,モリヤスワコ,モリヤスワコ,*/*,*
洩矢,1345,1345,8000,名詞,一般,*,*,*,*,洩矢,モリヤ,モリヤ,*/*,*
諏訪子,1345,1345,8000,名詞,一般,*,*,*,*,諏訪子,スワコ,スワコ,*/*,*
永江衣玖,1345,1345,8000,名詞,一般,*,*,*,*,永江衣玖,ナガエイク,ナガエイク,*/*,*
永江,1345,1345,8000,名詞,一般,*,*,*,*,永江,ナガエ,ナガエ,*/*,*
衣玖,1345,1345,8000,名詞,一般,*,*,*,*,衣玖,イク,イク,*/*,*
比那名居天子,1345,1345,8000,名詞,一般,*,*,*,*,比那名居天子,ヒナナウィテンシ,ヒナナウィテンシ,*/*,*
比那名居,1345,1345,8000,名詞,一般,*,*,*,*,比那名居,ヒナナウィ,ヒナナウィ,*/*,*
天子,1345,1345,8000,名詞,一般,*,*,*,*,天子,テンシ,テンシ,*/*,*
キスメ,1345,1345,8000,名詞,一般,*,*,*,*,キスメ,キスメ,キスメ,*/*,*
黒谷ヤマメ,1345,1345,8000,名詞,一般,*,*,*,*,黒谷ヤマメ,クロダニヤマメ,クロダニヤマメ,*/*,*
黒谷,1345,1345,8000,名詞,一般,*,*,*,*,黒谷,クロダニ,クロダニ,*/*,*
ヤマメ,1345,1345,8000,名詞,一般,*,*,*,*,ヤマメ,ヤマメ,ヤマメ,*/*,*
水橋パルスィ,1345,1345,8000,名詞,一般,*,*,*,*,水橋パルスィ,ミズハシパルスィ,ミズハシパルスィ,*/*,*
水橋,1345,1345,8000,名詞,一般,*,*,*,*,水橋,ミズハシ,ミズハシ,*/*,*
パルスィ,1345,1345,8000,名詞,一般,*,*,*,*,パルスィ,パルスィ,パルスィ,*/*,*
星熊勇儀,1345,1345,8000,名詞,一般,*,*,*,*,星熊勇儀,ホシグマユウギ,ホシグマユウギ,*/*,*
星熊,1345,1345,8000,名詞,一般,*,*,*,*,星熊,ホシグマ,ホシグマ,*/*,*
勇儀,1345,1345,8000,名詞,一般,*,*,*,*,勇儀,ユウギ,ユウギ,*/*,*
古明地さとり,1345,1345,8000,名詞,一般,*,*,*,*,古明地さとり,コメイジサトリ,コメイジサトリ,*/*,*
古明地,1345,1345,8000,名詞,一般,*,*,*,*,古明地,コメイジ,コメイジ,*/*,*
さとり,1345,1345,8000,名詞,一般,*,*,*,*,さとり,サトリ,サトリ,*/*,*
火焔猫燐,1345,1345,8000,名詞,一般,*,*,*,*,火焔猫燐,カエンビョウリン,カエンビョウリン,*/*,*
火焔猫,1345,1345,8000,名詞,一般,*,*,*,*,火焔猫,カエンビョウ,カエンビョウ,*/*,*
燐,1345,1345,8000,名詞,一般,*,*,*,*,燐,リン,リン,*/*,*
霊烏路空,1345,1345,8000,名詞,一般,*,*,*,*,霊烏路空,レイウジウツホ,レイウジウツホ,*/*,*
霊烏路,1345,1345,8000,名詞,一般,*,*,*,*,霊烏路,レイウジ,レイウジ,*/*,*
空,1345,1345,8000,名詞,一般,*,*,*,*,空,ウツホ,ウツホ,*/*,*
古明地こいし,1345,1345,8000,名詞,一般,*,*,*,*,古明地こいし,コメイジコイシ,コメイジコイシ,*/*,*
こいし,1345,1345,8000,名詞,一般,*,*,*,*,こいし,コイシ,コイシ,*/*,*
多々良小傘,1345,1345,8000,名詞,一般,*,*,*,*,多々良小傘,タタラコガサ,タタラコガサ,*/*,*
多々良,1345,1345,8000,名詞,一般,*,*,*,*,多々良,タタラ,タタラ,*/*,*
小傘,1345,1345,8000,名詞,一般,*,*,*,*,小傘,コガサ,コガサ,*/*,*
雲居一輪＆雲山,1345,1345,8000,名詞,一般,*,*,*,*,雲居一輪＆雲山,クモイイチリンアンドウンザン,クモイイチリンアンドウンザン,*/*,*
一輪＆雲山,1345,1345,8000,名詞,一般,*,*,*,*,一輪＆雲山,イチリンアンドウンザン,イチリンアンドウンザン,*/*,*
雲居一輪,1345,1345,8000,名詞,一般,*,*,*,*,雲居一輪,クモイイチリン,クモイイチリン,*/*,*
雲居,1345,1345,8000,名詞,一般,*,*,*,*,雲居,クモイ,クモイ,*/*,*
一輪,1345,1345,8000,名詞,一般,*,*,*,*,一輪,イチリン,イチリン,*/*,*
雲山,1345,1345,8000,名詞,一般,*,*,*,*,雲山,ウンザン,ウンザン,*/*,*
村紗水蜜,1345,1345,8000,名詞,一般,*,*,*,*,村紗水蜜,ムラサミナミツ,ムラサミナミツ,*/*,*
村紗,1345,1345,8000,名詞,一般,*,*,*,*,村紗,ムラサ,ムラサ,*/*,*
水蜜,1345,1345,8000,名詞,一般,*,*,*,*,水蜜,ミナミツ,ミナミツ,*/*,*
寅丸星,1345,1345,8000,名詞,一般,*,*,*,*,寅丸星,トラマルショウ,トラマルショウ,*/*,*
寅丸,1345,1345,8000,名詞,一般,*,*,*,*,寅丸,トラマル,トラマル,*/*,*
星,1345,1345,8000,名詞,一般,*,*,*,*,星,ショウ,ショウ,*/*,*
聖白蓮,1345,1345,8000,名詞,一般,*,*,*,*,聖白蓮,ヒジリビャクレン,ヒジリビャクレン,*/*,*
聖,1345,1345,8000,名詞,一般,*,*,*,*,聖,ヒジリ,ヒジリ,*/*,*
白蓮,1345,1345,8000,名詞,一般,*,*,*,*,白蓮,ビャクレン,ビャクレン,*/*,*
封獣ぬえ,1345,1345,8000,名詞,一般,*,*,*,*,封獣ぬえ,ホウジュウヌエ,ホウジュウヌエ,*/*,*
封獣,1345,1345,8000,名詞,一般,*,*,*,*,封獣,ホウジュウ,ホウジュウ,*/*,*
ぬえ,1345,1345,8000,名詞,一般,*,*,*,*,ぬえ,ヌエ,ヌエ,*/*,*
聖命蓮,1345,1345,8000,名詞,一般,*,*,*,*,聖命蓮,ヒジリミョウレン,ヒジリミョウレン,*/*,*
命蓮,1345,1345,8000,名詞,一般,*,*,*,*,命蓮,ミョウレン,ミョウレン,*/*,*
大ナマズ,1345,1345,8000,名詞,一般,*,*,*,*,大ナマズ,オオナマズ,オオナマズ,*/*,*
姫海棠はたて,1345,1345,8000,名詞,一般,*,*,*,*,姫海棠はたて,ヒメカイドウハタテ,ヒメカイドウハタテ,*/*,*
姫海棠,1345,1345,8000,名詞,一般,*,*,*,*,姫海棠,ヒメカイドウ,ヒメカイドウ,*/*,*
はたて,1345,1345,8000,名詞,一般,*,*,*,*,はたて,ハタテ,ハタテ,*/*,*
幽谷響子,1345,1345,8000,名詞,一般,*,*,*,*,幽谷響子,カソダニキョウコ,カソダニキョウコ,*/*,*
幽谷,1345,1345,8000,名詞,一般,*,*,*,*,幽谷,カソダニ,カソダニ,*/*,*
響子,1345,1345,8000,名詞,一般,*,*,*,*,響子,キョウコ,キョウコ,*/*,*
宮古芳香,1345,1345,8000,名詞,一般,*,*,*,*,宮古芳香,ミヤコヨシカ,ミヤコヨシカ,*/*,*
宮古,1345,1345,8000,名詞,一般,*,*,*,*,宮古,ミヤコ,ミヤコ,*/*,*
芳香,1345,1345,8000,名詞,一般,*,*,*,*,芳香,ヨシカ,ヨシカ,*/*,*
霍青娥,1345,1345,8000,名詞,一般,*,*,*,*,霍青娥,カクセイガ,カクセイガ,*/*,*
霍,1345,1345,8000,名詞,一般,*,*,*,*,霍,カク,カク,*/*,*
青娥,1345,1345,8000,名詞,一般,*,*,*,*,青娥,セイガ,セイガ,*/*,*
青娥娘々,1345,1345,8000,名詞,一般,*,*,*,*,青娥娘々,セイガニャンニャン,セイガニャンニャン,*/*,*
蘇我屠自古,1345,1345,8000,名詞,一般,*,*,*,*,蘇我屠自古,ソガノトジコ,ソガノトジコ,*/*,*
蘇我,1345,1345,8000,名詞,一般,*,*,*,*,蘇我,ソガ,ソガ,*/*,*
屠自古,1345,1345,8000,名詞,一般,*,*,*,*,屠自古,トジコ,トジコ,*/*,*
物部布都,1345,1345,8000,名詞,一般,*,*,*,*,物部布都,モノノベノフト,モノノベノフト,*/*,*
物部,1345,1345,8000,名詞,一般,*,*,*,*,物部,モノノベ,モノノベ,*/*,*
布都,1345,1345,8000,名詞,一般,*,*,*,*,布都,フト,フト,*/*,*
豊聡耳神子,1345,1345,8000,名詞,一般,*,*,*,*,豊聡耳神子,トヨサトミミノミコ,トヨサトミミノミコ,*/*,*
豊聡耳,1345,1345,8000,名詞,一般,*,*,*,*,豊聡耳,トヨサトミミ,トヨサトミミ,*/*,*
神子,1345,1345,8000,名詞,一般,*,*,*,*,神子,ミコ,ミコ,*/*,*
二ッ岩マミゾウ,1345,1345,8000,名詞,一般,*,*,*,*,二ッ岩マミゾウ,フタツイワマミゾウ,フタツイワマミゾウ,*/*,*
二ッ岩,1345,1345,8000,名詞,一般,*,*,*,*,二ッ岩,フタツイワ,フタツイワ,*/*,*
マミゾウ,1345,1345,8000,名詞,一般,*,*,*,*,マミゾウ,マミゾウ,マミゾウ,*/*,*
秦こころ,1345,1345,8000,名詞,一般,*,*,*,*,秦こころ,ハタノココロ,ハタノココロ,*/*,*
秦,1345,1345,8000,名詞,一般,*,*,*,*,秦,ハタノ,ハタノ,*/*,*
こころ,1345,1345,8000,名詞,一般,*,*,*,*,こころ,ココロ,ココロ,*/*,*
わかさぎ姫,1345,1345,8000,名詞,一般,*,*,*,*,わかさぎ姫,ワカサギヒメ,ワカサギヒメ,*/*,*
赤蛮奇,1345,1345,8000,名詞,一般,*,*,*,*,赤蛮奇,セキバンキ,セキバンキ,*/*,*
今泉影狼,1345,1345,8000,名詞,一般,*,*,*,*,今泉影狼,イマイズミカゲロウ,イマイズミカゲロウ,*/*,*
今泉,1345,1345,8000,名詞,一般,*,*,*,*,今泉,イマイズ,イマイズ,*/*,*
影狼,1345,1345,8000,名詞,一般,*,*,*,*,影狼,カゲロウ,カゲロウ,*/*,*
九十九弁々,1345,1345,8000,名詞,一般,*,*,*,*,九十九弁々,ツクモベンベン,ツクモベンベン,*/*,*
九十九,1345,1345,8000,名詞,一般,*,*,*,*,九十九,ツクモ,ツクモ,*/*,*
弁々,1345,1345,8000,名詞,一般,*,*,*,*,弁々,ベンベン,ベンベン,*/*,*
九十九八橋,1345,1345,8000,名詞,一般,*,*,*,*,九十九八橋,ツクモヤツハシ,ツクモヤツハシ,*/*,*
八橋,1345,1345,8000,名詞,一般,*,*,*,*,八橋,ヤツハシ,ヤツハシ,*/*,*
鬼人正邪,1345,1345,8000,名詞,一般,*,*,*,*,鬼人正邪,キジンセイジャ,キジンセイジャ,*/*,*
鬼人,1345,1345,8000,名詞,一般,*,*,*,*,鬼人,キジン,キジン,*/*,*
正邪,1345,1345,8000,名詞,一般,*,*,*,*,正邪,セイジャ,セイジャ,*/*,*
少名針妙丸,1345,1345,8000,名詞,一般,*,*,*,*,少名針妙丸,スクナシンミョウマル,スクナシンミョウマル,*/*,*
少名,1345,1345,8000,名詞,一般,*,*,*,*,少名,スクナ,スクナ,*/*,*
針妙丸,1345,1345,8000,名詞,一般,*,*,*,*,針妙丸,シンミョウマル,シンミョウマル,*/*,*
堀川雷鼓,1345,1345,8000,名詞,一般,*,*,*,*,堀川雷鼓,ホリカワライコ,ホリカワライコ,*/*,*
堀川,1345,1345,8000,名詞,一般,*,*,*,*,堀川,ホリカワ,ホリカワ,*/*,*
雷鼓,1345,1345,8000,名詞,一般,*,*,*,*,雷鼓,ライコ,ライコ,*/*,*
宇佐見菫子,1345,1345,8000,名詞,一般,*,*,*,*,宇佐見菫子,ウサミスミレコ,ウサミスミレコ,*/*,*
菫子,1345,1345,8000,名詞,一般,*,*,*,*,菫子,スミレコ,スミレコ,*/*,*
清蘭,1345,1345,8000,名詞,一般,*,*,*,*,清蘭,セイラン,セイラン,*/*,*
鈴瑚,1345,1345,8000,名詞,一般,*,*,*,*,鈴瑚,リンゴ,リンゴ,*/*,*
稀神サグメ,1345,1345,8000,名詞,一般,*,*,*,*,稀神サグメ,キシンサグメ,キシンサグメ,*/*,*
稀神,1345,1345,8000,名詞,一般,*,*,*,*,稀神,キシン,キシン,*/*,*
サグメ,1345,1345,8000,名詞,一般,*,*,*,*,サグメ,サグメ,サグメ,*/*,*
純狐,1345,1345,8000,名詞,一般,*,*,*,*,純狐,ジュンコ,ジュンコ,*/*,*
ラピスラズリ,1345,1345,8000,名詞,一般,*,*,*,*,ラピスラズリ,ラピスラズリ,ラピスラズリ,*/*,*
依神女苑,1345,1345,8000,名詞,一般,*,*,*,*,依神女苑,ヨリガミジョオン,ヨリガミジョオン,*/*,*
依神,1345,1345,8000,名詞,一般,*,*,*,*,依神,ヨリガミ,ヨリガミ,*/*,*
女苑,1345,1345,8000,名詞,一般,*,*,*,*,女苑,ジョオン,ジョオン,*/*,*
依神紫苑,1345,1345,8000,名詞,一般,*,*,*,*,依神紫苑,ヨリガミシオン,ヨリガミシオン,*/*,*
紫苑,1345,1345,8000,名詞,一般,*,*,*,*,紫苑,シオン,シオン,*/*,*
日焼けしたチルノ,1345,1345,8000,名詞,一般,*,*,*,*,日焼けしたチルノ,ヒヤケシタチルノ,ヒヤケシタチルノ,*/*,*
エタニティラルバ,1345,1345,8000,名詞,一般,*,*,*,*,エタニティラルバ,エタニティラルバ,エタニティラルバ,*/*,*
坂田ネムノ,1345,1345,8000,名詞,一般,*,*,*,*,坂田ネムノ,サカタネムノ,サカタネムノ,*/*,*
坂田,1345,1345,8000,名詞,一般,*,*,*,*,坂田,サカタ,サカタ,*/*,*
ネムノ,1345,1345,8000,名詞,一般,*,*,*,*,ネムノ,ネムノ,ネムノ,*/*,*
高麗野あうん,1345,1345,8000,名詞,一般,*,*,*,*,高麗野あうん,コマノアウン,コマノアウン,*/*,*
高麗野,1345,1345,8000,名詞,一般,*,*,*,*,高麗野,コマノ,コマノ,*/*,*
あうん,1345,1345,8000,名詞,一般,*,*,*,*,あうん,アウン,アウン,*/*,*
矢田寺成美,1345,1345,8000,名詞,一般,*,*,*,*,矢田寺成美,ヤタデラナルミ,ヤタデラナルミ,*/*,*
矢田寺,1345,1345,8000,名詞,一般,*,*,*,*,矢田寺,ヤタデラ,ヤタデラ,*/*,*
成美,1345,1345,8000,名詞,一般,*,*,*,*,成美,ナルミ,ナルミ,*/*,*
爾子田里乃,1345,1345,8000,名詞,一般,*,*,*,*,爾子田里乃,ニシダサトノ,ニシダサトノ,*/*,*
爾子田,1345,1345,8000,名詞,一般,*,*,*,*,爾子田,ニシダ,ニシダ,*/*,*
里乃,1345,1345,8000,名詞,一般,*,*,*,*,里乃,サトノ,サトノ,*/*,*
丁礼田舞,1345,1345,8000,名詞,一般,*,*,*,*,丁礼田舞,テイレイダマイ,テイレイダマイ,*/*,*
丁礼田,1345,1345,8000,名詞,一般,*,*,*,*,丁礼田,テイレイダ,テイレイダ,*/*,*
舞,1345,1345,8000,名詞,一般,*,*,*,*,舞,マイ,マイ,*/*,*
摩多羅隠岐奈,1345,1345,8000,名詞,一般,*,*,*,*,摩多羅隠岐奈,マタラオキナ,マタラオキナ,*/*,*
摩多羅,1345,1345,8000,名詞,一般,*,*,*,*,摩多羅,マタラ,マタラ,*/*,*
隠岐奈,1345,1345,8000,名詞,一般,*,*,*,*,隠岐奈,オキナ,オキナ,*/*,*
戎瓔花,1345,1345,8000,名詞,一般,*,*,*,*,戎瓔花,エビスエイカ,エビスエイカ,*/*,*
戎,1345,1345,8000,名詞,一般,*,*,*,*,戎,エビス,エビス,*/*,*
瓔花,1345,1345,8000,名詞,一般,*,*,*,*,瓔花,エイカ,エイカ,*/*,*
牛崎潤美,1345,1345,8000,名詞,一般,*,*,*,*,牛崎潤美,ウシザキウルミ,ウシザキウルミ,*/*,*
牛崎,1345,1345,8000,名詞,一般,*,*,*,*,牛崎,ウシザキ,ウシザキ,*/*,*
潤美,1345,1345,8000,名詞,一般,*,*,*,*,潤美,ウルミ,ウルミ,*/*,*
庭渡久侘歌,1345,1345,8000,名詞,一般,*,*,*,*,庭渡久侘歌,ニワタリクタカ,ニワタリクタカ,*/*,*
庭渡,1345,1345,8000,名詞,一般,*,*,*,*,庭渡,ニワタリ,ニワタリ,*/*,*
久侘歌,1345,1345,8000,名詞,一般,*,*,*,*,久侘歌,クタカ,クタカ,*/*,*
吉弔八千慧,1345,1345,8000,名詞,一般,*,*,*,*,吉弔八千慧,キッチョウヤチエ,キッチョウヤチエ,*/*,*
吉弔,1345,1345,8000,名詞,一般,*,*,*,*,吉弔,キッチョウ,キッチョウ,*/*,*
八千慧,1345,1345,8000,名詞,一般,*,*,*,*,八千慧,ヤチエ,ヤチエ,*/*,*
杖刀偶磨弓,1345,1345,8000,名詞,一般,*,*,*,*,杖刀偶磨弓,ジョウトウグウマユミ,ジョウトウグウマユミ,*/*,*
杖刀偶,1345,1345,8000,名詞,一般,*,*,*,*,杖刀偶,ジョウトウグウ,ジョウトウグウ,*/*,*
磨弓,1345,1345,8000,名詞,一般,*,*,*,*,磨弓,マユミ,マユミ,*/*,*
埴安神袿姫,1345,1345,8000,名詞,一般,*,*,*,*,埴安神袿姫,ハニヤスシンケイキ,ハニヤスシンケイキ,*/*,*
埴安神,1345,1345,8000,名詞,一般,*,*,*,*,埴安神,ハニヤスシン,ハニヤスシン,*/*,*
袿姫,1345,1345,8000,名詞,一般,*,*,*,*,袿姫,ケイキ,ケイキ,*/*,*
驪駒早鬼,1345,1345,8000,名詞,一般,*,*,*,*,驪駒早鬼,クロコマサキ,クロコマサキ,*/*,*
驪駒,1345,1345,8000,名詞,一般,*,*,*,*,驪駒,クロコマ,クロコマ,*/*,*
早鬼,1345,1345,8000,名詞,一般,*,*,*,*,早鬼,サキ,サキ,*/*,*
饕餮尤魔,1345,1345,8000,名詞,一般,*,*,*,*,饕餮尤魔,トウテツユウマ,トウテツユウマ,*/*,*
饕餮,1345,1345,8000,名詞,一般,*,*,*,*,饕餮,トウテツ,トウテツ,*/*,*
尤魔,1345,1345,8000,名詞,一般,*,*,*,*,尤魔,ユウマ,ユウマ,*/*,*
豪徳寺ミケ,1345,1345,8000,名詞,一般,*,*,*,*,豪徳寺ミケ,ゴウトクジミケ,ゴウトクジミケ,*/*,*
豪徳寺,1345,1345,8000,名詞,一般,*,*,*,*,豪徳寺,ゴウトクジ,ゴウトクジ,*/*,*
ミケ,1345,1345,8000,名詞,一般,*,*,*,*,ミケ,ミケ,ミケ,*/*,*
山城たかね,1345,1345,8000,名詞,一般,*,*,*,*,山城たかね,ヤマシロタカネ,ヤマシロタカネ,*/*,*
山城,1345,1345,8000,名詞,一般,*,*,*,*,山城,ヤマシロ,ヤマシロ,*/*,*
たかね,1345,1345,8000,名詞,一般,*,*,*,*,たかね,タカネ,タカネ,*/*,*
駒草山如,1345,1345,8000,名詞,一般,*,*,*,*,駒草山如,コマクササンニョ,コマクササンニョ,*/*,*
駒草太夫,1345,1345,8000,名詞,一般,*,*,*,*,駒草太夫,コマクサダユウ,コマクサダユウ,*/*,*
駒草,1345,1345,8000,名詞,一般,*,*,*,*,駒草,コマクサ,コマクサ,*/*,*
山如,1345,1345,8000,名詞,一般,*,*,*,*,山如,サンニョ,サンニョ,*/*,*
太夫,1345,1345,8000,名詞,一般,*,*,*,*,太夫,ダユウ,ダユウ,*/*,*
玉造魅須丸,1345,1345,8000,名詞,一般,*,*,*,*,玉造魅須丸,タマツクリミスマル,タマツクリミスマル,*/*,*
玉造,1345,1345,8000,名詞,一般,*,*,*,*,玉造,タマツクリ,タマツクリ,*/*,*
魅須丸,1345,1345,8000,名詞,一般,*,*,*,*,魅須丸,ミスマル,ミスマル,*/*,*
菅牧典,1345,1345,8000,名詞,一般,*,*,*,*,菅牧典,クダマキツカサ,クダマキツカサ,*/*,*
菅牧,1345,1345,8000,名詞,一般,*,*,*,*,菅牧,クダマキ,クダマキ,*/*,*
典,1345,1345,8000,名詞,一般,*,*,*,*,典,ツカサ,ツカサ,*/*,*
飯綱丸龍,1345,1345,8000,名詞,一般,*,*,*,*,飯綱丸龍,イイヅナマルメグム,イイヅナマルメグム,*/*,*
飯綱丸,1345,1345,8000,名詞,一般,*,*,*,*,飯綱丸,イイヅナマル,イイヅナマル,*/*,*
龍,1345,1345,8000,名詞,一般,*,*,*,*,龍,メグム,メグム,*/*,*
天弓千亦,1345,1345,8000,名詞,一般,*,*,*,*,天弓千亦,テンキュウチマタ,テンキュウチマタ,*/*,*
天弓,1345,1345,8000,名詞,一般,*,*,*,*,天弓,テンキュウ,テンキュウ,*/*,*
千亦,1345,1345,8000,名詞,一般,*,*,*,*,千亦,チマタ,チマタ,*/*,*
姫虫百々世,1345,1345,8000,名詞,一般,*,*,*,*,姫虫百々世,ヒメムシモモヨ,ヒメムシモモヨ,*/*,*
姫虫,1345,1345,8000,名詞,一般,*,*,*,*,姫虫,ヒメムシ,ヒメムシ,*/*,*
百々世,1345,1345,8000,名詞,一般,*,*,*,*,百々世,モモヨ,モモヨ,*/*,*
孫美天,1345,1345,8000,名詞,一般,*,*,*,*,孫美天,ソンビテン,ソンビテン,*/*,*
孫,1345,1345,8000,名詞,一般,*,*,*,*,孫,ソン,ソン,*/*,*
美天,1345,1345,8000,名詞,一般,*,*,*,*,美天,ビテン,ビテン,*/*,*
三頭慧ノ子,1345,1345,8000,名詞,一般,*,*,*,*,三頭慧ノ子,ミツガシラエノコ,ミツガシラエノコ,*/*,*
三頭,1345,1345,8000,名詞,一般,*,*,*,*,三頭,ミツガシラ,ミツガシラ,*/*,*
慧ノ子,1345,1345,8000,名詞,一般,*,*,*,*,慧ノ子,エノコ,エノコ,*/*,*
天火人ちやり,1345,1345,8000,名詞,一般,*,*,*,*,天火人ちやり,テンカジンチヤリ,テンカジンチヤリ,*/*,*
ちやり,1345,1345,8000,名詞,一般,*,*,*,*,ちやり,チヤリ,チヤリ,*/*,*
豫母都日狭美,1345,1345,8000,名詞,一般,*,*,*,*,豫母都日狭美,ヨモツヒサミ,ヨモツヒサミ,*/*,*
豫母都,1345,1345,8000,名詞,一般,*,*,*,*,豫母都,ヨモツ,ヨモツ,*/*,*
日狭美,1345,1345,8000,名詞,一般,*,*,*,*,日狭美,ヒサミ,ヒサミ,*/*,*
日白残無,1345,1345,8000,名詞,一般,*,*,*,*,日白残無,ニッパクザンム,ニッパクザンム,*/*,*
残無,1345,1345,8000,名詞,一般,*,*,*,*,残無,ザンム,ザンム,*/*,*
森近霖之助,1345,1345,8000,名詞,一般,*,*,*,*,森近霖之助,モリチカリンノスケ,モリチカリンノスケ,*/*,*
森近,1345,1345,8000,名詞,一般,*,*,*,*,森近,モリチカ,モリチカ,*/*,*
霖之助,1345,1345,8000,名詞,一般,*,*,*,*,霖之助,リンノスケ,リンノスケ,*/*,*
香霖,1345,1345,8000,名詞,一般,*,*,*,*,香霖,コウリン,コウリン,*/*,*
名無しの本読み妖怪,1345,1345,8000,名詞,一般,*,*,*,*,名無しの本読み妖怪,ナナシノホンヨミヨウカイ,ナナシノホンヨミヨウカイ,*/*,*
朱鷺子,1345,1345,8000,名詞,一般,*,*,*,*,朱鷺子,トキコ,トキコ,*/*,*
霧雨の親父さん,1345,1345,8000,名詞,一般,*,*,*,*,霧雨の親父さん,キリサメノオヤジサン,キリサメノオヤジサン,*/*,*
梅霖の妖精,1345,1345,8000,名詞,一般,*,*,*,*,梅霖の妖精,バイリンノヨウセイ,バイリンノヨウセイ,*/*,*
ルナチャイルド,1345,1345,8000,名詞,一般,*,*,*,*,ルナチャイルド,ルナチャイルド,ルナチャイルド,*/*,*
綿月豊姫,1345,1345,8000,名詞,一般,*,*,*,*,綿月豊姫,ワタツキノトヨヒメ,ワタツキノトヨヒメ,*/*,*
綿月,1345,1345,8000,名詞,一般,*,*,*,*,綿月,ワタツキ,ワタツキ,*/*,*
豊姫,1345,1345,8000,名詞,一般,*,*,*,*,豊姫,トヨヒメ,トヨヒメ,*/*,*
綿月依姫,1345,1345,8000,名詞,一般,*,*,*,*,綿月依姫,ワタツキノヨリヒメ,ワタツキノヨリヒメ,*/*,*
依姫,1345,1345,8000,名詞,一般,*,*,*,*,依姫,ヨリヒメ,ヨリヒメ,*/*,*
レイセン,1345,1345,8000,名詞,一般,*,*,*,*,レイセン,レイセン,レイセン,*/*,*
嫦娥,1345,1345,8000,名詞,一般,*,*,*,*,嫦娥,ジョウガ,ジョウガ,*/*,*
月夜見,1345,1345,8000,名詞,一般,*,*,*,*,月夜見,ツクヨミ,ツクヨミ,*/*,*
調岩笠,1345,1345,8000,名詞,一般,*,*,*,*,調岩笠,ツキノイハカサ,ツキノイハカサ,*/*,*
茨木華扇,1345,1345,8000,名詞,一般,*,*,*,*,茨木華扇,イバラキカセン,イバラキカセン,*/*,*
茨木,1345,1345,8000,名詞,一般,*,*,*,*,茨木,イバラキ,イバラキ,*/*,*
華扇,1345,1345,8000,名詞,一般,*,*,*,*,華扇,カセン,カセン,*/*,*
茨華仙,1345,1345,8000,名詞,一般,*,*,*,*,茨華仙,イバラカセン,イバラカセン,*/*,*
茨,1345,1345,8000,名詞,一般,*,*,*,*,茨,イバラ,イバラ,*/*,*
華仙,1345,1345,8000,名詞,一般,*,*,*,*,華仙,カセン,カセン,*/*,*
本居小鈴,1345,1345,8000,名詞,一般,*,*,*,*,本居小鈴,モトオリコスズ,モトオリコスズ,*/*,*
本居,1345,1345,8000,名詞,一般,*,*,*,*,本居,モトオリ,モトオリ,*/*,*
小鈴,1345,1345,8000,名詞,一般,*,*,*,*,小鈴,コスズ,コスズ,*/*,*
宮出口瑞霊,1345,1345,8000,名詞,一般,*,*,*,*,宮出口瑞霊,ミヤデグチミズチ,ミヤデグチミズチ,*/*,*
宮出口,1345,1345,8000,名詞,一般,*,*,*,*,宮出口,ミヤデグチ,ミヤデグチ,*/*,*
瑞霊,1345,1345,8000,名詞,一般,*,*,*,*,瑞霊,ミズチ,ミズチ,*/*,*
奥野田美宵,1345,1345,8000,名詞,一般,*,*,*,*,奥野田美宵,オクノダミヨイ,オクノダミヨイ,*/*,*
奥野田,1345,1345,8000,名詞,一般,*,*,*,*,奥野田,オクノダ,オクノダ,*/*,*
美宵,1345,1345,8000,名詞,一般,*,*,*,*,美宵,ミヨイ,ミヨイ,*/*,*
稗田阿求,1345,1345,8000,名詞,一般,*,*,*,*,稗田阿求,ヒエダノアキュウ,ヒエダノアキュウ,*/*,*
稗田,1345,1345,8000,名詞,一般,*,*,*,*,稗田,ヒエダ,ヒエダ,*/*,*
阿求,1345,1345,8000,名詞,一般,*,*,*,*,阿求,アキュウ,アキュウ,*/*,*
阿礼,1345,1345,8000,名詞,一般,*,*,*,*,阿礼,アレ,アレ,*/*,*
阿一,1345,1345,8000,名詞,一般,*,*,*,*,阿一,アイチ,アイチ,*/*,*
阿爾,1345,1345,8000,名詞,一般,*,*,*,*,阿爾,アニ,アニ,*/*,*
阿未,1345,1345,8000,名詞,一般,*,*,*,*,阿未,アミ,アミ,*/*,*
阿余,1345,1345,8000,名詞,一般,*,*,*,*,阿余,アヨ,アヨ,*/*,*
阿悟,1345,1345,8000,名詞,一般,*,*,*,*,阿悟,アゴ,アゴ,*/*,*
阿夢,1345,1345,8000,名詞,一般,*,*,*,*,阿夢,アム,アム,*/*,*
阿七,1345,1345,8000,名詞,一般,*,*,*,*,阿七,アシチ,アシチ,*/*,*
阿弥,1345,1345,8000,名詞,一般,*,*,*,*,阿弥,アヤ,アヤ,*/*,*
宇佐見蓮子,1345,1345,8000,名詞,一般,*,*,*,*,宇佐見蓮子,ウサミレンコ,ウサミレンコ,*/*,*
宇佐見,1345,1345,8000,名詞,一般,*,*,*,*,宇佐見,ウサミ,ウサミ,*/*,*
蓮子,1345,1345,8000,名詞,一般,*,*,*,*,蓮子,レンコ,レンコ,*/*,*