A Sacred Lot,1345,1345,8000,名詞,一般,*,*,*,*,A Sacred Lot,アセイクリッドロット,アセイクリッドロット,*/*,*
風の神社,1345,1345,8000,名詞,一般,*,*,*,*,風の神社,カゼノジンジャ,カゼノジンジャ,*/*,*
永遠の巫女,1345,1345,8000,名詞,一般,*,*,*,*,永遠の巫女,エイエンノミコ,エイエンノミコ,*/*,*
東方怪奇談,1345,1345,8000,名詞,一般,*,*,*,*,東方怪奇談,トウホウカイキダン,トウホウカイキダン,*/*,*
Oriental Magician,1345,1345,8000,名詞,一般,*,*,*,*,Oriental Magician,オリエンタルマジシャン,オリエンタルマジシャン,*/*,*
破邪の小太刀,1345,1345,8000,名詞,一般,*,*,*,*,破邪の小太刀,ハジャノコダチ,ハジャノコダチ,*/*,*
the Legend of KAGE,1345,1345,8000,名詞,一般,*,*,*,*,the Legend of KAGE,ザレジェンドオブカゲ,ザレジェンドオブカゲ,*/*,*
The Positive and Negative,1345,1345,8000,名詞,一般,*,*,*,*,The Positive and Negative,ザポジティブアンドネガティブ,ザポジティブアンドネガティブ,*/*,*
天使伝説,1345,1345,8000,名詞,一般,*,*,*,*,天使伝説,テンシデンセツ,テンシデンセツ,*/*,*
魔鏡,1345,1345,8000,名詞,一般,*,*,*,*,魔鏡,マキョウ,マキョウ,*/*,*
いざ、倒れ逝くその時まで,1345,1345,8000,名詞,一般,*,*,*,*,いざ、倒れ逝くその時まで,イザタオレイクソノトキマデ,イザタオレイクソノトキマデ,*/*,*
死なばもろとも,1345,1345,8000,名詞,一般,*,*,*,*,死なばもろとも,シナバモロトモ,シナバモロトモ,*/*,*
星幽剣士,1345,1345,8000,名詞,一般,*,*,*,*,星幽剣士,セイユウケンシ,セイユウケンシ,*/*,*
アイリス,1345,1345,8000,名詞,一般,*,*,*,*,アイリス,アイリス,アイリス,*/*,*
Civilization of Magic,1345,1345,8000,名詞,一般,*,*,*,*,Civilization of Magic,シビリゼイションオブマジック,シビリゼイションオブマジック,*/*,*
星幽天使,1345,1345,8000,名詞,一般,*,*,*,*,星幽天使,セイユウテンシ,セイユウテンシ,*/*,*
東方封魔録　～ 浄土曼荼羅,1345,1345,8000,名詞,一般,*,*,*,*,東方封魔録　～ 浄土曼荼羅,トウホウフウマロクジョウドマンダラ,トウホウフウマロクジョウドマンダラ,*/*,*
博麗　～ Eastern Wind,1345,1345,8000,名詞,一般,*,*,*,*,博麗　～ Eastern Wind,ハクレイ,ハクレイ,*/*,*
End of Daylight,1345,1345,8000,名詞,一般,*,*,*,*,End of Daylight,エンドオブデイライト,エンドオブデイライト,*/*,*
やみのちから,1345,1345,8000,名詞,一般,*,*,*,*,やみのちから,ヤミノチカラ,ヤミノチカラ,*/*,*
幻夢界,1345,1345,8000,名詞,一般,*,*,*,*,幻夢界,ゲンムカイ,ゲンムカイ,*/*,*
死を賭して,1345,1345,8000,名詞,一般,*,*,*,*,死を賭して,シヲトシテ,シヲトシテ,*/*,*
ひもろぎ、むらさきにもえ,1345,1345,8000,名詞,一般,*,*,*,*,ひもろぎ、むらさきにもえ,ヒモロギムラサキニモエ,ヒモロギムラサキニモエ,*/*,*
恋色マジック,1345,1345,8000,名詞,一般,*,*,*,*,恋色マジック,コイイロマジック,コイイロマジック,*/*,*
東方封魔録　～ 幽幻乱舞,1345,1345,8000,名詞,一般,*,*,*,*,東方封魔録　～ 幽幻乱舞,トウホウフウマロクユウゲンランブ,トウホウフウマロクユウゲンランブ,*/*,*
エキストララブ,1345,1345,8000,名詞,一般,*,*,*,*,エキストララブ,エキストララブ,エキストララブ,*/*,*
戦車むすめのみるゆめ,1345,1345,8000,名詞,一般,*,*,*,*,戦車むすめのみるゆめ,センシャムスメノミルユメ,センシャムスメノミルユメ,*/*,*
遠野の森,1345,1345,8000,名詞,一般,*,*,*,*,遠野の森,トオノノモリ,トオノノモリ,*/*,*
博麗神社境内,1345,1345,8000,名詞,一般,*,*,*,*,博麗神社境内,ハクレイジンジャケイダイ,ハクレイジンジャケイダイ,*/*,*
陽落ちて,1345,1345,8000,名詞,一般,*,*,*,*,陽落ちて,ヒオチテ,ヒオチテ,*/*,*
封魔終演,1345,1345,8000,名詞,一般,*,*,*,*,封魔終演,フウマシュウエン,フウマシュウエン,*/*,*
夢は時空を越えて,1345,1345,8000,名詞,一般,*,*,*,*,夢は時空を越えて,ユメハジクウヲコエテ,ユメハジクウヲコエテ,*/*,*
Selection,1345,1345,8000,名詞,一般,*,*,*,*,Selection,セレクション,セレクション,*/*,*
東方妖恋談,1345,1345,8000,名詞,一般,*,*,*,*,東方妖恋談,トウホウヨウレンダン,トウホウヨウレンダン,*/*,*
Tabula rasa　～ 空白少女,1345,1345,8000,名詞,一般,*,*,*,*,Tabula rasa　～ 空白少女,タブララサ,タブララサ,*/*,*
Maniacal Princess,1345,1345,8000,名詞,一般,*,*,*,*,Maniacal Princess,マニアカルプリンセス,マニアカルプリンセス,*/*,*
夢消失　～ Lost Dream,1345,1345,8000,名詞,一般,*,*,*,*,夢消失　～ Lost Dream,ユメショウシツ,ユメショウシツ,*/*,*
夢幻遊戯　～ Dream War,1345,1345,8000,名詞,一般,*,*,*,*,夢幻遊戯　～ Dream War,ムゲンユウギ,ムゲンユウギ,*/*,*
魔法決戦！　～ Fight it out#,1345,1345,8000,名詞,一般,*,*,*,*,魔法決戦！　～ Fight it out#,マホウケッセン,マホウケッセン,*/*,*
非統一魔法世界論,1345,1345,8000,名詞,一般,*,*,*,*,非統一魔法世界論,ヒトウイツマホウセカイロン,ヒトウイツマホウセカイロン,*/*,*
魔法鐘愛,1345,1345,8000,名詞,一般,*,*,*,*,魔法鐘愛,マホウショウアイ,マホウショウアイ,*/*,*
久遠の夢,1345,1345,8000,名詞,一般,*,*,*,*,久遠の夢,クオンノユメ,クオンノユメ,*/*,*
東方の青い空,1345,1345,8000,名詞,一般,*,*,*,*,東方の青い空,トウホウノアオイソラ,トウホウノアオイソラ,*/*,*
永遠の満月,1345,1345,8000,名詞,一般,*,*,*,*,永遠の満月,エイエンノマンゲツ,エイエンノマンゲツ,*/*,*
霊人の休日,1345,1345,8000,名詞,一般,*,*,*,*,霊人の休日,レイジンノキュウジツ,レイジンノキュウジツ,*/*,*
勝利デモ,1345,1345,8000,名詞,一般,*,*,*,*,勝利デモ,ショウリデモ,ショウリデモ,*/*,*
時の風,1345,1345,8000,名詞,一般,*,*,*,*,時の風,トキノカゼ,トキノカゼ,*/*,*
Phantasmagoria,1345,1345,8000,名詞,一般,*,*,*,*,Phantasmagoria,ファンタズマゴリア,ファンタズマゴリア,*/*,*
幻想郷　～ Lotus Land Story,1345,1345,8000,名詞,一般,*,*,*,*,幻想郷　～ Lotus Land Story,ゲンソウキョウ,ゲンソウキョウ,*/*,*
Selene's light,1345,1345,8000,名詞,一般,*,*,*,*,Selene's light,セレネズライト,セレネズライト,*/*,*
装飾戦　～ Decoration Battle,1345,1345,8000,名詞,一般,*,*,*,*,装飾戦　～ Decoration Battle,ソウショクセン,ソウショクセン,*/*,*
Break the Sabbath,1345,1345,8000,名詞,一般,*,*,*,*,Break the Sabbath,ブレイクザサバス,ブレイクザサバス,*/*,*
紅響曲　～ Scarlet Phoneme,1345,1345,8000,名詞,一般,*,*,*,*,紅響曲　～ Scarlet Phoneme,コウキョウキョク,コウキョウキョク,*/*,*
Bad Apple!#,1345,1345,8000,名詞,一般,*,*,*,*,Bad Apple!#,バッドアップル,バッドアップル,*/*,*
霊戦　～ Perdition crisis,1345,1345,8000,名詞,一般,*,*,*,*,霊戦　～ Perdition crisis,レイセン,レイセン,*/*,*
アリスマエステラ,1345,1345,8000,名詞,一般,*,*,*,*,アリスマエステラ,アリスマエステラ,アリスマエステラ,*/*,*
少女綺想曲　～ Capriccio,1345,1345,8000,名詞,一般,*,*,*,*,少女綺想曲　～ Capriccio,ショウジョキソウキョク,ショウジョキソウキョク,*/*,*
星の器　～ Casket of Star,1345,1345,8000,名詞,一般,*,*,*,*,星の器　～ Casket of Star,ホシノウツワ,ホシノウツワ,*/*,*
眠れる恐怖　～ Sleeping Terror,1345,1345,8000,名詞,一般,*,*,*,*,眠れる恐怖　～ Sleeping Terror,ネムレルキョウフ,ネムレルキョウフ,*/*,*
幽夢　～ Inanimate Dream,1345,1345,8000,名詞,一般,*,*,*,*,幽夢　～ Inanimate Dream,ユウム,ユウム,*/*,*
禁じざるをえない遊戯,1345,1345,8000,名詞,一般,*,*,*,*,禁じざるをえない遊戯,キンジザルヲエナイユウギ,キンジザルヲエナイユウギ,*/*,*
メイド幻想　～ Icemilk Magic,1345,1345,8000,名詞,一般,*,*,*,*,メイド幻想　～ Icemilk Magic,メイドゲンソウ,メイドゲンソウ,*/*,*
かわいい悪魔　～ Innocence,1345,1345,8000,名詞,一般,*,*,*,*,かわいい悪魔　～ Innocence,カワイイアクマ,カワイイアクマ,*/*,*
Days,1345,1345,8000,名詞,一般,*,*,*,*,Days,デイズ,デイズ,*/*,*
幻想の住人,1345,1345,8000,名詞,一般,*,*,*,*,幻想の住人,ゲンソウノジュウニン,ゲンソウノジュウニン,*/*,*
怪綺談　～ Mystic Square,1345,1345,8000,名詞,一般,*,*,*,*,怪綺談　～ Mystic Square,カイキダン,カイキダン,*/*,*
魔法陣　～ Magic Square,1345,1345,8000,名詞,一般,*,*,*,*,魔法陣　～ Magic Square,マホウジン,マホウジン,*/*,*
夢想時空,1345,1345,8000,名詞,一般,*,*,*,*,夢想時空,ムソウジクウ,ムソウジクウ,*/*,*
霊天　～ Spiritual Heaven,1345,1345,8000,名詞,一般,*,*,*,*,霊天　～ Spiritual Heaven,レイテン,レイテン,*/*,*
Romantic Children,1345,1345,8000,名詞,一般,*,*,*,*,Romantic Children,ロマンチックチルドレン,ロマンチックチルドレン,*/*,*
プラスチックマインド,1345,1345,8000,名詞,一般,*,*,*,*,プラスチックマインド,プラスチックマインド,プラスチックマインド,*/*,*
メイプルワイズ,1345,1345,8000,名詞,一般,*,*,*,*,メイプルワイズ,メイプルワイズ,メイプルワイズ,*/*,*
禁断の魔法　～ Forbidden Magic,1345,1345,8000,名詞,一般,*,*,*,*,禁断の魔法　～ Forbidden Magic,キンダンノマホウ,キンダンノマホウ,*/*,*
真紅の少女　～ Crimson Dead!#,1345,1345,8000,名詞,一般,*,*,*,*,真紅の少女　～ Crimson Dead!#,シンクノショウジョ,シンクノショウジョ,*/*,*
裏切りの少女　～ Judas Kiss,1345,1345,8000,名詞,一般,*,*,*,*,裏切りの少女　～ Judas Kiss,ウラギリノショウジョ,ウラギリノショウジョ,*/*,*
the Last Judgement,1345,1345,8000,名詞,一般,*,*,*,*,the Last Judgement,ザラストジャッジメント,ザラストジャッジメント,*/*,*
悲しき人形　～ Doll of Misery,1345,1345,8000,名詞,一般,*,*,*,*,悲しき人形　～ Doll of Misery,カナシキニンギョウ,カナシキニンギョウ,*/*,*
世界の果て　～ World's End,1345,1345,8000,名詞,一般,*,*,*,*,世界の果て　～ World's End,セカイノハテ,セカイノハテ,*/*,*
神話幻想　～ Infinite Being,1345,1345,8000,名詞,一般,*,*,*,*,神話幻想　～ Infinite Being,シンワゲンソウ,シンワゲンソウ,*/*,*
不思議の国のアリス,1345,1345,8000,名詞,一般,*,*,*,*,不思議の国のアリス,フシギノクニノアリス,フシギノクニノアリス,*/*,*
神社,1345,1345,8000,名詞,一般,*,*,*,*,神社,ジンジャ,ジンジャ,*/*,*
Endless,1345,1345,8000,名詞,一般,*,*,*,*,Endless,エンドレス,エンドレス,*/*,*
久遠の楽園,1345,1345,8000,名詞,一般,*,*,*,*,久遠の楽園,クオンノラクエン,クオンノラクエン,*/*,*
魂の休らむ所,1345,1345,8000,名詞,一般,*,*,*,*,魂の休らむ所,タマシイノヤスラムトコロ,タマシイノヤスラムトコロ,*/*,*
赤より紅い夢,1345,1345,8000,名詞,一般,*,*,*,*,赤より紅い夢,アカヨリアカイユメ,アカヨリアカイユメ,*/*,*
ほおずきみたいに紅い魂,1345,1345,8000,名詞,一般,*,*,*,*,ほおずきみたいに紅い魂,ホオズキミタイニアカイタマシイ,ホオズキミタイニアカイタマシイ,*/*,*
妖魔夜行,1345,1345,8000,名詞,一般,*,*,*,*,妖魔夜行,ヨウマヤコウ,ヨウマヤコウ,*/*,*
おてんば恋娘,1345,1345,8000,名詞,一般,*,*,*,*,おてんば恋娘,オテンバコイムスメ,オテンバコイムスメ,*/*,*
上海紅茶館　～ Chinese Tea,1345,1345,8000,名詞,一般,*,*,*,*,上海紅茶館　～ Chinese Tea,シャンハイコウチャカン,シャンハイコウチャカン,*/*,*
明治十七年の上海アリス,1345,1345,8000,名詞,一般,*,*,*,*,明治十七年の上海アリス,メイジジュウナナネンノシャンハイアリス,メイジジュウナナネンノシャンハイアリス,*/*,*
ヴワル魔法図書館,1345,1345,8000,名詞,一般,*,*,*,*,ヴワル魔法図書館,ヴワルマホウトショカン,ヴワルマホウトショカン,*/*,*
メイドと血の懐中時計,1345,1345,8000,名詞,一般,*,*,*,*,メイドと血の懐中時計,メイドトチノカイチュウドケイ,メイドトチノカイチュウドケイ,*/*,*
月時計　～ ルナ・ダイアル,1345,1345,8000,名詞,一般,*,*,*,*,月時計　～ ルナ・ダイアル,ツキドケイルナダイアル,ツキドケイルナダイアル,*/*,*
ツェペシュの幼き末裔,1345,1345,8000,名詞,一般,*,*,*,*,ツェペシュの幼き末裔,ツェペシュノオサナキマツエイ,ツェペシュノオサナキマツエイ,*/*,*
亡き王女の為のセプテット,1345,1345,8000,名詞,一般,*,*,*,*,亡き王女の為のセプテット,ナキオウジョノタメノセプテット,ナキオウジョノタメノセプテット,*/*,*
魔法少女達の百年祭,1345,1345,8000,名詞,一般,*,*,*,*,魔法少女達の百年祭,マホウショウジョタチノヒャクネンサイ,マホウショウジョタチノヒャクネンサイ,*/*,*
紅より儚い永遠,1345,1345,8000,名詞,一般,*,*,*,*,紅より儚い永遠,アカヨリハカナイエイエン,アカヨリハカナイエイエン,*/*,*
紅楼　～ Eastern Dream...,1345,1345,8000,名詞,一般,*,*,*,*,紅楼　～ Eastern Dream...,コウロウ,コウロウ,*/*,*
妖々夢　～ Snow or Cherry Petal,1345,1345,8000,名詞,一般,*,*,*,*,妖々夢　～ Snow or Cherry Petal,ヨウヨウム,ヨウヨウム,*/*,*
無何有の郷　～ Deep Mountain,1345,1345,8000,名詞,一般,*,*,*,*,無何有の郷　～ Deep Mountain,ムカウノキョウ,ムカウノキョウ,*/*,*
遠野幻想物語,1345,1345,8000,名詞,一般,*,*,*,*,遠野幻想物語,トオノゲンソウモノガタリ,トオノゲンソウモノガタリ,*/*,*
ティアオイエツォン(withered leaf),1345,1345,8000,名詞,一般,*,*,*,*,ティアオイエツォン(withered leaf),ティアオイエツォン,ティアオイエツォン,*/*,*
ブクレシュティの人形師,1345,1345,8000,名詞,一般,*,*,*,*,ブクレシュティの人形師,ブクレシュティノニンギョウシ,ブクレシュティノニンギョウシ,*/*,*
人形裁判　～ 人の形弄びし少女,1345,1345,8000,名詞,一般,*,*,*,*,人形裁判　～ 人の形弄びし少女,ニンギョウサイバン,ニンギョウサイバン,*/*,*
天空の花の都,1345,1345,8000,名詞,一般,*,*,*,*,天空の花の都,テンクウノハナノミヤコ,テンクウノハナノミヤコ,*/*,*
幽霊楽団　～ Phantom Ensemble,1345,1345,8000,名詞,一般,*,*,*,*,幽霊楽団　～ Phantom Ensemble,ユウレイガクダン,ユウレイガクダン,*/*,*
東方妖々夢　～ Ancient Temple,1345,1345,8000,名詞,一般,*,*,*,*,東方妖々夢　～ Ancient Temple,トウホウヨウヨウム,トウホウヨウヨウム,*/*,*
広有射怪鳥事　～ Till When?,1345,1345,8000,名詞,一般,*,*,*,*,広有射怪鳥事　～ Till When?,ヒロアリケテウヲイルコト,ヒロアリケテウヲイルコト,*/*,*
幽雅に咲かせ、墨染の桜　～ Border of Life,1345,1345,8000,名詞,一般,*,*,*,*,幽雅に咲かせ、墨染の桜　～ Border of Life,ユウガニサカセスミゾメノサクラ,ユウガニサカセスミゾメノサクラ,*/*,*
妖々跋扈,1345,1345,8000,名詞,一般,*,*,*,*,妖々跋扈,ヨウヨウバッコ,ヨウヨウバッコ,*/*,*
少女幻葬　～ Necro-Fantasy,1345,1345,8000,名詞,一般,*,*,*,*,少女幻葬　～ Necro-Fantasy,ショウジョゲンソウ,ショウジョゲンソウ,*/*,*
妖々跋扈　～ Who done it#,1345,1345,8000,名詞,一般,*,*,*,*,妖々跋扈　～ Who done it#,ヨウヨウバッコ,ヨウヨウバッコ,*/*,*
ネクロファンタジア,1345,1345,8000,名詞,一般,*,*,*,*,ネクロファンタジア,ネクロファンタジア,ネクロファンタジア,*/*,*
春風の夢,1345,1345,8000,名詞,一般,*,*,*,*,春風の夢,ハルカゼノユメ,ハルカゼノユメ,*/*,*
さくらさくら　～ Japanize Dream...,1345,1345,8000,名詞,一般,*,*,*,*,さくらさくら　～ Japanize Dream...,サクラサクラ,サクラサクラ,*/*,*
萃夢想,1345,1345,8000,名詞,一般,*,*,*,*,萃夢想,スイムソウ,スイムソウ,*/*,*
魔女達の舞踏会,1345,1345,8000,名詞,一般,*,*,*,*,魔女達の舞踏会,マジョタチノブトウカイ,マジョタチノブトウカイ,*/*,*
人形裁判,1345,1345,8000,名詞,一般,*,*,*,*,人形裁判,ニンギョウサイバン,ニンギョウサイバン,*/*,*
夜が降りてくる　～ Evening Star,1345,1345,8000,名詞,一般,*,*,*,*,夜が降りてくる　～ Evening Star,ヨルガオリテクル,ヨルガオリテクル,*/*,*
御伽の国の鬼が島　～ Missing Power,1345,1345,8000,名詞,一般,*,*,*,*,御伽の国の鬼が島　～ Missing Power,オトギノクニノオニガシマ,オトギノクニノオニガシマ,*/*,*
夏明き,1345,1345,8000,名詞,一般,*,*,*,*,夏明き,ナツアキ,ナツアキ,*/*,*
東方萃夢想,1345,1345,8000,名詞,一般,*,*,*,*,東方萃夢想,トウホウスイムソウ,トウホウスイムソウ,*/*,*
魔所,1345,1345,8000,名詞,一般,*,*,*,*,魔所,マショ,マショ,*/*,*
月輪,1345,1345,8000,名詞,一般,*,*,*,*,月輪,ゲツリン,ゲツリン,*/*,*
遍参,1345,1345,8000,名詞,一般,*,*,*,*,遍参,ヘンサン,ヘンサン,*/*,*
裏心,1345,1345,8000,名詞,一般,*,*,*,*,裏心,ウラゴコロ,ウラゴコロ,*/*,*
Intermezzo,1345,1345,8000,名詞,一般,*,*,*,*,Intermezzo,インテルメッツォ,インテルメッツォ,*/*,*
あゆのかぜ,1345,1345,8000,名詞,一般,*,*,*,*,あゆのかぜ,アユノカゼ,アユノカゼ,*/*,*
森閑,1345,1345,8000,名詞,一般,*,*,*,*,森閑,シンカン,シンカン,*/*,*
仰空,1345,1345,8000,名詞,一般,*,*,*,*,仰空,ギョウクウ,ギョウクウ,*/*,*
幽境,1345,1345,8000,名詞,一般,*,*,*,*,幽境,ユウキョウ,ユウキョウ,*/*,*
珍客,1345,1345,8000,名詞,一般,*,*,*,*,珍客,チンキャク,チンキャク,*/*,*
紅夜,1345,1345,8000,名詞,一般,*,*,*,*,紅夜,コウヤ,コウヤ,*/*,*
戦迅,1345,1345,8000,名詞,一般,*,*,*,*,戦迅,センジン,センジン,*/*,*
禍機,1345,1345,8000,名詞,一般,*,*,*,*,禍機,カキ,カキ,*/*,*
砕月,1345,1345,8000,名詞,一般,*,*,*,*,砕月,サイゲツ,サイゲツ,*/*,*
永夜抄　～ Eastern Night.,1345,1345,8000,名詞,一般,*,*,*,*,永夜抄　～ Eastern Night.,エイヤショウ,エイヤショウ,*/*,*
幻視の夜　～ Ghostly Eyes,1345,1345,8000,名詞,一般,*,*,*,*,幻視の夜　～ Ghostly Eyes,ゲンシノヨル,ゲンシノヨル,*/*,*
蠢々秋月　～ Mooned Insect,1345,1345,8000,名詞,一般,*,*,*,*,蠢々秋月　～ Mooned Insect,シュンシュンシュウゲツ,シュンシュンシュウゲツ,*/*,*
夜雀の歌声　～ Night Bird,1345,1345,8000,名詞,一般,*,*,*,*,夜雀の歌声　～ Night Bird,ヨスズメノウタゴエ,ヨスズメノウタゴエ,*/*,*
もう歌しか聞こえない,1345,1345,8000,名詞,一般,*,*,*,*,もう歌しか聞こえない,モウウタシカキコエナイ,モウウタシカキコエナイ,*/*,*
懐かしき東方の血　～ Old World,1345,1345,8000,名詞,一般,*,*,*,*,懐かしき東方の血　～ Old World,ナツカシキトウホウノチ,ナツカシキトウホウノチ,*/*,*
プレインエイジア,1345,1345,8000,名詞,一般,*,*,*,*,プレインエイジア,プレインエイジア,プレインエイジア,*/*,*
永夜の報い　～ Imperishable Night.,1345,1345,8000,名詞,一般,*,*,*,*,永夜の報い　～ Imperishable Night.,エイヤノムクイ,エイヤノムクイ,*/*,*
少女綺想曲　～ Dream Battle,1345,1345,8000,名詞,一般,*,*,*,*,少女綺想曲　～ Dream Battle,ショウジョキソウキョク,ショウジョキソウキョク,*/*,*
狂気の瞳　～ Invisible Full Moon,1345,1345,8000,名詞,一般,*,*,*,*,狂気の瞳　～ Invisible Full Moon,キョウキノヒトミ,キョウキノヒトミ,*/*,*
千年幻想郷　～ History of the Moon,1345,1345,8000,名詞,一般,*,*,*,*,千年幻想郷　～ History of the Moon,センネンゲンソウキョウ,センネンゲンソウキョウ,*/*,*
竹取飛翔　～ Lunatic Princess,1345,1345,8000,名詞,一般,*,*,*,*,竹取飛翔　～ Lunatic Princess,タケトリヒショウ,タケトリヒショウ,*/*,*
エクステンドアッシュ　～ 蓬莱人,1345,1345,8000,名詞,一般,*,*,*,*,エクステンドアッシュ　～ 蓬莱人,エクステンドアッシュ,エクステンドアッシュ,*/*,*
月まで届け、不死の煙,1345,1345,8000,名詞,一般,*,*,*,*,月まで届け、不死の煙,ツキマデトドケフシノケムリ,ツキマデトドケフシノケムリ,*/*,*
月見草,1345,1345,8000,名詞,一般,*,*,*,*,月見草,ツキミソウ,ツキミソウ,*/*,*
東方妖怪小町,1345,1345,8000,名詞,一般,*,*,*,*,東方妖怪小町,トウホウヨウカイコマチ,トウホウヨウカイコマチ,*/*,*
花映塚　～ Higan Retour,1345,1345,8000,名詞,一般,*,*,*,*,花映塚　～ Higan Retour,カエイヅカ,カエイヅカ,*/*,*
春色小径　～ Colorful Path,1345,1345,8000,名詞,一般,*,*,*,*,春色小径　～ Colorful Path,ハルイロコミチ,ハルイロコミチ,*/*,*
フラワリングナイト,1345,1345,8000,名詞,一般,*,*,*,*,フラワリングナイト,フラワリングナイト,フラワリングナイト,*/*,*
おてんば恋娘の冒険,1345,1345,8000,名詞,一般,*,*,*,*,おてんば恋娘の冒険,オテンバコイムスメノボウケン,オテンバコイムスメノボウケン,*/*,*
もう歌しか聞こえない　～ Flower Mix,1345,1345,8000,名詞,一般,*,*,*,*,もう歌しか聞こえない　～ Flower Mix,モウウタシカキコエナイ,モウウタシカキコエナイ,*/*,*
お宇佐さまの素い幡,1345,1345,8000,名詞,一般,*,*,*,*,お宇佐さまの素い幡,オウササマノシロイハタ,オウササマノシロイハタ,*/*,*
風神少女　(Short Version),1345,1345,8000,名詞,一般,*,*,*,*,風神少女　(Short Version),フウジンショウジョ,フウジンショウジョ,*/*,*
ポイズンボディ　～ Forsaken Doll,1345,1345,8000,名詞,一般,*,*,*,*,ポイズンボディ　～ Forsaken Doll,ポイズンボディ,ポイズンボディ,*/*,*
今昔幻想郷　～ Flower Land,1345,1345,8000,名詞,一般,*,*,*,*,今昔幻想郷　～ Flower Land,コンジャクゲンソウキョウ,コンジャクゲンソウキョウ,*/*,*
彼岸帰航　～ Riverside View,1345,1345,8000,名詞,一般,*,*,*,*,彼岸帰航　～ Riverside View,ヒガンキコウ,ヒガンキコウ,*/*,*
六十年目の東方裁判　～ Fate of Sixty Years,1345,1345,8000,名詞,一般,*,*,*,*,六十年目の東方裁判　～ Fate of Sixty Years,ロクジュウネンメノトウホウサイバン,ロクジュウネンメノトウホウサイバン,*/*,*
花の映る塚,1345,1345,8000,名詞,一般,*,*,*,*,花の映る塚,ハナノウツルツカ,ハナノウツルツカ,*/*,*
此岸の塚,1345,1345,8000,名詞,一般,*,*,*,*,此岸の塚,シガンノツカ,シガンノツカ,*/*,*
花は幻想のままに,1345,1345,8000,名詞,一般,*,*,*,*,花は幻想のままに,ハナハゲンソウノママニ,ハナハゲンソウノママニ,*/*,*
魂の花　～ Another Dream...,1345,1345,8000,名詞,一般,*,*,*,*,魂の花　～ Another Dream...,タマシイノハナ,タマシイノハナ,*/*,*
天狗の手帖　～ Mysterious Note,1345,1345,8000,名詞,一般,*,*,*,*,天狗の手帖　～ Mysterious Note,テングノテチョウ,テングノテチョウ,*/*,*
風の循環　～ Wind Tour,1345,1345,8000,名詞,一般,*,*,*,*,風の循環　～ Wind Tour,カゼノジュンカン,カゼノジュンカン,*/*,*
天狗が見ている　～ Black Eyes,1345,1345,8000,名詞,一般,*,*,*,*,天狗が見ている　～ Black Eyes,テングガミテイル,テングガミテイル,*/*,*
東の国の眠らない夜,1345,1345,8000,名詞,一般,*,*,*,*,東の国の眠らない夜,ヒガシノクニノネムラナイヨル,ヒガシノクニノネムラナイヨル,*/*,*
レトロスペクティブ京都,1345,1345,8000,名詞,一般,*,*,*,*,レトロスペクティブ京都,レトロスペクティブキョウト,レトロスペクティブキョウト,*/*,*
風神少女,1345,1345,8000,名詞,一般,*,*,*,*,風神少女,フウジンショウジョ,フウジンショウジョ,*/*,*
封印されし神々,1345,1345,8000,名詞,一般,*,*,*,*,封印されし神々,フウインサレシカミガミ,フウインサレシカミガミ,*/*,*
人恋し神様　～ Romantic Fall,1345,1345,8000,名詞,一般,*,*,*,*,人恋し神様　～ Romantic Fall,ヒトコイシカミサマ,ヒトコイシカミサマ,*/*,*
稲田姫様に叱られるから,1345,1345,8000,名詞,一般,*,*,*,*,稲田姫様に叱られるから,イナダヒメサマニシカラレルカラ,イナダヒメサマニシカラレルカラ,*/*,*
厄神様の通り道　～ Dark Road,1345,1345,8000,名詞,一般,*,*,*,*,厄神様の通り道　～ Dark Road,ヤクジンサマノトオリミチ,ヤクジンサマノトオリミチ,*/*,*
神々が恋した幻想郷,1345,1345,8000,名詞,一般,*,*,*,*,神々が恋した幻想郷,カミガミガコイシタゲンソウキョウ,カミガミガコイシタゲンソウキョウ,*/*,*
芥川龍之介の河童　～ Candid Friend,1345,1345,8000,名詞,一般,*,*,*,*,芥川龍之介の河童　～ Candid Friend,アクタガワリュウノスケノカッパ,アクタガワリュウノスケノカッパ,*/*,*
妖怪の山　～ Mysterious Mountain,1345,1345,8000,名詞,一般,*,*,*,*,妖怪の山　～ Mysterious Mountain,ヨウカイノヤマ,ヨウカイノヤマ,*/*,*
少女が見た日本の原風景,1345,1345,8000,名詞,一般,*,*,*,*,少女が見た日本の原風景,ショウジョガミタニホンノゲンフウケイ,ショウジョガミタニホンノゲンフウケイ,*/*,*
信仰は儚き人間の為に,1345,1345,8000,名詞,一般,*,*,*,*,信仰は儚き人間の為に,シンコウハハカナキニンゲンノタメニ,シンコウハハカナキニンゲンノタメニ,*/*,*
御柱の墓場　～ Grave of Being,1345,1345,8000,名詞,一般,*,*,*,*,御柱の墓場　～ Grave of Being,オンバシラノハカバ,オンバシラノハカバ,*/*,*
神さびた古戦場　～ Suwa Foughten Field,1345,1345,8000,名詞,一般,*,*,*,*,神さびた古戦場　～ Suwa Foughten Field,カミサビタコセンジョウ,カミサビタコセンジョウ,*/*,*
明日ハレの日、ケの昨日,1345,1345,8000,名詞,一般,*,*,*,*,明日ハレの日、ケの昨日,アシタハレノヒケノキノウ,アシタハレノヒケノキノウ,*/*,*
ネイティブフェイス,1345,1345,8000,名詞,一般,*,*,*,*,ネイティブフェイス,ネイティブフェイス,ネイティブフェイス,*/*,*
麓の神社,1345,1345,8000,名詞,一般,*,*,*,*,麓の神社,フモトノジンジャ,フモトノジンジャ,*/*,*
神は恵みの雨を降らす　～ Sylphid Dream,1345,1345,8000,名詞,一般,*,*,*,*,神は恵みの雨を降らす　～ Sylphid Dream,カミハメグミノアメヲフラス,カミハメグミノアメヲフラス,*/*,*
緋想天,1345,1345,8000,名詞,一般,*,*,*,*,緋想天,ヒソウテン,ヒソウテン,*/*,*
日常坐臥,1345,1345,8000,名詞,一般,*,*,*,*,日常坐臥,ニチジョウザガ,ニチジョウザガ,*/*,*
地の色は黄色,1345,1345,8000,名詞,一般,*,*,*,*,地の色は黄色,チノイロハキイロ,チノイロハキイロ,*/*,*
甲論乙駁,1345,1345,8000,名詞,一般,*,*,*,*,甲論乙駁,コウロンオツバク,コウロンオツバク,*/*,*
風光明媚,1345,1345,8000,名詞,一般,*,*,*,*,風光明媚,フウコウメイビ,フウコウメイビ,*/*,*
香る樹葉花,1345,1345,8000,名詞,一般,*,*,*,*,香る樹葉花,カオルジュヨウカ,カオルジュヨウカ,*/*,*
踊る水飛沫,1345,1345,8000,名詞,一般,*,*,*,*,踊る水飛沫,オドルミズシブキ,オドルミズシブキ,*/*,*
以魚駆蠅,1345,1345,8000,名詞,一般,*,*,*,*,以魚駆蠅,イギョクヨウ,イギョクヨウ,*/*,*
放縦不羈,1345,1345,8000,名詞,一般,*,*,*,*,放縦不羈,ホウショウフキ,ホウショウフキ,*/*,*
嘲りの遊戯,1345,1345,8000,名詞,一般,*,*,*,*,嘲りの遊戯,アザケリノユウギ,アザケリノユウギ,*/*,*
冷吟閑酔,1345,1345,8000,名詞,一般,*,*,*,*,冷吟閑酔,レイギンカンスイ,レイギンカンスイ,*/*,*
雲外蒼天,1345,1345,8000,名詞,一般,*,*,*,*,雲外蒼天,ウンガイソウテン,ウンガイソウテン,*/*,*
黒い海に紅く　～ Legendary Fish,1345,1345,8000,名詞,一般,*,*,*,*,黒い海に紅く　～ Legendary Fish,クロイウミニアカク,クロイウミニアカク,*/*,*
天衣無縫,1345,1345,8000,名詞,一般,*,*,*,*,天衣無縫,テンイムホウ,テンイムホウ,*/*,*
有頂天変　～ Wonderful Heaven,1345,1345,8000,名詞,一般,*,*,*,*,有頂天変　～ Wonderful Heaven,ウチョウテンペン,ウチョウテンペン,*/*,*
幼心地の有頂天,1345,1345,8000,名詞,一般,*,*,*,*,幼心地の有頂天,オサナゴコチノウチョウテン,オサナゴコチノウチョウテン,*/*,*
暮色蒼然,1345,1345,8000,名詞,一般,*,*,*,*,暮色蒼然,ボショクソウゼン,ボショクソウゼン,*/*,*
東方緋想天,1345,1345,8000,名詞,一般,*,*,*,*,東方緋想天,トウホウヒソウテン,トウホウヒソウテン,*/*,*
夜が降りてくる,1345,1345,8000,名詞,一般,*,*,*,*,夜が降りてくる,ヨルガオリテクル,ヨルガオリテクル,*/*,*
地霊達の起床,1345,1345,8000,名詞,一般,*,*,*,*,地霊達の起床,チレイタチノキショウ,チレイタチノキショウ,*/*,*
暗闇の風穴,1345,1345,8000,名詞,一般,*,*,*,*,暗闇の風穴,クラヤミノフウケツ,クラヤミノフウケツ,*/*,*
封じられた妖怪　～ Lost Place,1345,1345,8000,名詞,一般,*,*,*,*,封じられた妖怪　～ Lost Place,フウジラレタヨウカイ,フウジラレタヨウカイ,*/*,*
渡る者の途絶えた橋,1345,1345,8000,名詞,一般,*,*,*,*,渡る者の途絶えた橋,ワタルモノノトダエタハシ,ワタルモノノトダエタハシ,*/*,*
旧地獄街道を行く,1345,1345,8000,名詞,一般,*,*,*,*,旧地獄街道を行く,キュウジゴクカイドウヲユク,キュウジゴクカイドウヲユク,*/*,*
華のさかづき大江山,1345,1345,8000,名詞,一般,*,*,*,*,華のさかづき大江山,ハナノサカヅキオオエヤマ,ハナノサカヅキオオエヤマ,*/*,*
少女さとり　～ 3rd eye,1345,1345,8000,名詞,一般,*,*,*,*,少女さとり　～ 3rd eye,ショウジョサトリ,ショウジョサトリ,*/*,*
廃獄ララバイ,1345,1345,8000,名詞,一般,*,*,*,*,廃獄ララバイ,ハイゴクララバイ,ハイゴクララバイ,*/*,*
死体旅行　～ Be of good cheer#,1345,1345,8000,名詞,一般,*,*,*,*,死体旅行　～ Be of good cheer#,シタイリョコウ,シタイリョコウ,*/*,*
業火マントル,1345,1345,8000,名詞,一般,*,*,*,*,業火マントル,ゴウカマントル,ゴウカマントル,*/*,*
霊知の太陽信仰　～ Nuclear Fusion,1345,1345,8000,名詞,一般,*,*,*,*,霊知の太陽信仰　～ Nuclear Fusion,レイチノタイヨウシンコウ,レイチノタイヨウシンコウ,*/*,*
ハルトマンの妖怪少女,1345,1345,8000,名詞,一般,*,*,*,*,ハルトマンの妖怪少女,ハルトマンノヨウカイショウジョ,ハルトマンノヨウカイショウジョ,*/*,*
地霊達の帰宅,1345,1345,8000,名詞,一般,*,*,*,*,地霊達の帰宅,チレイタチノキタク,チレイタチノキタク,*/*,*
青空の影,1345,1345,8000,名詞,一般,*,*,*,*,青空の影,アオゾラノカゲ,アオゾラノカゲ,*/*,*
春の湊に,1345,1345,8000,名詞,一般,*,*,*,*,春の湊に,ハルノミナトニ,ハルノミナトニ,*/*,*
小さな小さな賢将,1345,1345,8000,名詞,一般,*,*,*,*,小さな小さな賢将,チイサナチイサナケンショウ,チイサナチイサナケンショウ,*/*,*
閉ざせし雲の通い路,1345,1345,8000,名詞,一般,*,*,*,*,閉ざせし雲の通い路,トザセシクモノカヨイジ,トザセシクモノカヨイジ,*/*,*
万年置き傘にご注意を,1345,1345,8000,名詞,一般,*,*,*,*,万年置き傘にご注意を,マンネンオキガサニゴチュウイヲ,マンネンオキガサニゴチュウイヲ,*/*,*
時代親父とハイカラ少女,1345,1345,8000,名詞,一般,*,*,*,*,時代親父とハイカラ少女,ジダイオヤジトハイカラショウジョ,ジダイオヤジトハイカラショウジョ,*/*,*
幽霊客船の時空を越えた旅,1345,1345,8000,名詞,一般,*,*,*,*,幽霊客船の時空を越えた旅,ユウレイキャクセンノジクウヲコエタタビ,ユウレイキャクセンノジクウヲコエタタビ,*/*,*
キャプテン・ムラサ,1345,1345,8000,名詞,一般,*,*,*,*,キャプテン・ムラサ,キャプテンムラサ,キャプテンムラサ,*/*,*
魔界地方都市エソテリア,1345,1345,8000,名詞,一般,*,*,*,*,魔界地方都市エソテリア,マカイチホウトシエソテリア,マカイチホウトシエソテリア,*/*,*
虎柄の毘沙門天,1345,1345,8000,名詞,一般,*,*,*,*,虎柄の毘沙門天,トラガラノビシャモンテン,トラガラノビシャモンテン,*/*,*
法界の火,1345,1345,8000,名詞,一般,*,*,*,*,法界の火,ホッカイノヒ,ホッカイノヒ,*/*,*
感情の摩天楼　～ Cosmic Mind,1345,1345,8000,名詞,一般,*,*,*,*,感情の摩天楼　～ Cosmic Mind,カンジョウノマテンロウ,カンジョウノマテンロウ,*/*,*
平安のエイリアン,1345,1345,8000,名詞,一般,*,*,*,*,平安のエイリアン,ヘイアンノエイリアン,ヘイアンノエイリアン,*/*,*
妖怪寺,1345,1345,8000,名詞,一般,*,*,*,*,妖怪寺,ヨウカイデラ,ヨウカイデラ,*/*,*
空の帰り道　～ Sky Dream,1345,1345,8000,名詞,一般,*,*,*,*,空の帰り道　～ Sky Dream,ソラノカエリミチ,ソラノカエリミチ,*/*,*
君はあの影を見たか,1345,1345,8000,名詞,一般,*,*,*,*,君はあの影を見たか,キミハアノカゲヲミタカ,キミハアノカゲヲミタカ,*/*,*
伝説の巨神,1345,1345,8000,名詞,一般,*,*,*,*,伝説の巨神,デンセツノキョジン,デンセツノキョジン,*/*,*
ぼくらの非想天則,1345,1345,8000,名詞,一般,*,*,*,*,ぼくらの非想天則,ボクラノヒソウテンソク,ボクラノヒソウテンソク,*/*,*
人形のある風景,1345,1345,8000,名詞,一般,*,*,*,*,人形のある風景,ニンギョウノアルフウケイ,ニンギョウノアルフウケイ,*/*,*
悠久の蒸気機関,1345,1345,8000,名詞,一般,*,*,*,*,悠久の蒸気機関,ユウキュウノジョウキキカン,ユウキュウノジョウキキカン,*/*,*
アンノウンX　～ Unfound Adventure,1345,1345,8000,名詞,一般,*,*,*,*,アンノウンX　～ Unfound Adventure,アンノウンエックス,アンノウンエックス,*/*,*
空に浮かぶ物体X,1345,1345,8000,名詞,一般,*,*,*,*,空に浮かぶ物体X,ソラニウカブブッタイエックス,ソラニウカブブッタイエックス,*/*,*
巨大な影と小さな結末,1345,1345,8000,名詞,一般,*,*,*,*,巨大な影と小さな結末,キョダイナカゲトチイサナケツマツ,キョダイナカゲトチイサナケツマツ,*/*,*
あなたの町の怪事件,1345,1345,8000,名詞,一般,*,*,*,*,あなたの町の怪事件,アナタノマチノカイジケン,アナタノマチノカイジケン,*/*,*
ネメシスの要塞,1345,1345,8000,名詞,一般,*,*,*,*,ネメシスの要塞,ネメシスノヨウサイ,ネメシスノヨウサイ,*/*,*
無間の鐘　～ Infinite Nightmare,1345,1345,8000,名詞,一般,*,*,*,*,無間の鐘　～ Infinite Nightmare,ムゲンノカネ,ムゲンノカネ,*/*,*
春の氷精,1345,1345,8000,名詞,一般,*,*,*,*,春の氷精,ハルノヒョウセイ,ハルノヒョウセイ,*/*,*
いたずらに命をかけて,1345,1345,8000,名詞,一般,*,*,*,*,いたずらに命をかけて,イタズラニイノチヲカケテ,イタズラニイノチヲカケテ,*/*,*
年中夢中の好奇心,1345,1345,8000,名詞,一般,*,*,*,*,年中夢中の好奇心,ネンジュウムチュウノコウキシン,ネンジュウムチュウノコウキシン,*/*,*
妖精大戦争　～ Fairy Wars,1345,1345,8000,名詞,一般,*,*,*,*,妖精大戦争　～ Fairy Wars,ヨウセイダイセンソウ,ヨウセイダイセンソウ,*/*,*
メイガスナイト,1345,1345,8000,名詞,一般,*,*,*,*,メイガスナイト,メイガスナイト,メイガスナイト,*/*,*
春の氷精　- 静 -,1345,1345,8000,名詞,一般,*,*,*,*,春の氷精　- 静 -,ハルノヒョウセイ,ハルノヒョウセイ,*/*,*
欲深き霊魂,1345,1345,8000,名詞,一般,*,*,*,*,欲深き霊魂,ヨクブカキレイコン,ヨクブカキレイコン,*/*,*
死霊の夜桜,1345,1345,8000,名詞,一般,*,*,*,*,死霊の夜桜,シリョウノヨザクラ,シリョウノヨザクラ,*/*,*
妖怪寺へようこそ,1345,1345,8000,名詞,一般,*,*,*,*,妖怪寺へようこそ,ヨウカイデラヘヨウコソ,ヨウカイデラヘヨウコソ,*/*,*
門前の妖怪小娘,1345,1345,8000,名詞,一般,*,*,*,*,門前の妖怪小娘,モンゼンノヨウカイコムスメ,モンゼンノヨウカイコムスメ,*/*,*
素敵な墓場で暮しましょ,1345,1345,8000,名詞,一般,*,*,*,*,素敵な墓場で暮しましょ,ステキナハカバデクラシマショ,ステキナハカバデクラシマショ,*/*,*
リジッドパラダイス,1345,1345,8000,名詞,一般,*,*,*,*,リジッドパラダイス,リジッドパラダイス,リジッドパラダイス,*/*,*
デザイアドライブ,1345,1345,8000,名詞,一般,*,*,*,*,デザイアドライブ,デザイアドライブ,デザイアドライブ,*/*,*
古きユアンシェン,1345,1345,8000,名詞,一般,*,*,*,*,古きユアンシェン,フルキユアンシェン,フルキユアンシェン,*/*,*
夢殿大祀廟,1345,1345,8000,名詞,一般,*,*,*,*,夢殿大祀廟,ユメドノダイシビョウ,ユメドノダイシビョウ,*/*,*
大神神話伝,1345,1345,8000,名詞,一般,*,*,*,*,大神神話伝,オオミワシンワデン,オオミワシンワデン,*/*,*
小さな欲望の星空,1345,1345,8000,名詞,一般,*,*,*,*,小さな欲望の星空,チイサナヨクボウノホシゾラ,チイサナヨクボウノホシゾラ,*/*,*
聖徳伝説　～ True Administrator,1345,1345,8000,名詞,一般,*,*,*,*,聖徳伝説　～ True Administrator,ショウトクデンセツ,ショウトクデンセツ,*/*,*
妖怪裏参道,1345,1345,8000,名詞,一般,*,*,*,*,妖怪裏参道,ヨウカイウラサンドウ,ヨウカイウラサンドウ,*/*,*
佐渡の二ッ岩,1345,1345,8000,名詞,一般,*,*,*,*,佐渡の二ッ岩,サドノフタツイワ,サドノフタツイワ,*/*,*
神社の新しい風,1345,1345,8000,名詞,一般,*,*,*,*,神社の新しい風,ジンジャノアタラシイカゼ,ジンジャノアタラシイカゼ,*/*,*
幻想郷の二ッ岩,1345,1345,8000,名詞,一般,*,*,*,*,幻想郷の二ッ岩,ゲンソウキョウノフタツイワ,ゲンソウキョウノフタツイワ,*/*,*
塵界不変のペシミズム,1345,1345,8000,名詞,一般,*,*,*,*,塵界不変のペシミズム,ジンカイフヘンノペシミズム,ジンカイフヘンノペシミズム,*/*,*
心綺楼囃子,1345,1345,8000,名詞,一般,*,*,*,*,心綺楼囃子,シンキロウバヤシ,シンキロウバヤシ,*/*,*
人気のある場所,1345,1345,8000,名詞,一般,*,*,*,*,人気のある場所,ヒトケノアルバショ,ヒトケノアルバショ,*/*,*
人気のない場所,1345,1345,8000,名詞,一般,*,*,*,*,人気のない場所,ヒトケノナイバショ,ヒトケノナイバショ,*/*,*
丑三つ時の里,1345,1345,8000,名詞,一般,*,*,*,*,丑三つ時の里,ウシミツドキノサト,ウシミツドキノサト,*/*,*
本日の一面記事,1345,1345,8000,名詞,一般,*,*,*,*,本日の一面記事,ホンジツノイチメンキジ,ホンジツノイチメンキジ,*/*,*
暁雲,1345,1345,8000,名詞,一般,*,*,*,*,暁雲,ギョウウン,ギョウウン,*/*,*
官板黄昏新聞,1345,1345,8000,名詞,一般,*,*,*,*,官板黄昏新聞,カンパンタソガレシンブン,カンパンタソガレシンブン,*/*,*
使われなかった場所,1345,1345,8000,名詞,一般,*,*,*,*,使われなかった場所,ツカワレナカッタバショ,ツカワレナカッタバショ,*/*,*
不思議なお祓い棒,1345,1345,8000,名詞,一般,*,*,*,*,不思議なお祓い棒,フシギナオハライボウ,フシギナオハライボウ,*/*,*
ミストレイク,1345,1345,8000,名詞,一般,*,*,*,*,ミストレイク,ミストレイク,ミストレイク,*/*,*
運河を行き交う人妖,1345,1345,8000,名詞,一般,*,*,*,*,運河を行き交う人妖,ウンガヲユキカウジンヨウ,ウンガヲユキカウジンヨウ,*/*,*
柳の下のデュラハン,1345,1345,8000,名詞,一般,*,*,*,*,柳の下のデュラハン,ヤナギノシタノデュラハン,ヤナギノシタノデュラハン,*/*,*
満月の竹林,1345,1345,8000,名詞,一般,*,*,*,*,満月の竹林,マンゲツノチクリン,マンゲツノチクリン,*/*,*
孤独なウェアウルフ,1345,1345,8000,名詞,一般,*,*,*,*,孤独なウェアウルフ,コドクナウェアウルフ,コドクナウェアウルフ,*/*,*
幻想浄瑠璃,1345,1345,8000,名詞,一般,*,*,*,*,幻想浄瑠璃,ゲンソウジョウルリ,ゲンソウジョウルリ,*/*,*
空中に沈む輝針城,1345,1345,8000,名詞,一般,*,*,*,*,空中に沈む輝針城,クウチュウニシズムキシンジョウ,クウチュウニシズムキシンジョウ,*/*,*
針小棒大の天守閣,1345,1345,8000,名詞,一般,*,*,*,*,針小棒大の天守閣,シンショウボウダイノテンシュカク,シンショウボウダイノテンシュカク,*/*,*
輝く針の小人族　～ Little Princess,1345,1345,8000,名詞,一般,*,*,*,*,輝く針の小人族　～ Little Princess,カガヤクハリノコビトゾク,カガヤクハリノコビトゾク,*/*,*
魔力の雷雲,1345,1345,8000,名詞,一般,*,*,*,*,魔力の雷雲,マリョクノライウン,マリョクノライウン,*/*,*
小槌の魔力,1345,1345,8000,名詞,一般,*,*,*,*,小槌の魔力,コヅチノマリョク,コヅチノマリョク,*/*,*
不思議な不思議な道具達,1345,1345,8000,名詞,一般,*,*,*,*,不思議な不思議な道具達,フシギナフシギナドウグタチ,フシギナフシギナドウグタチ,*/*,*
反則の狼煙を上げろ,1345,1345,8000,名詞,一般,*,*,*,*,反則の狼煙を上げろ,ハンソクノノロシヲアゲロ,ハンソクノノロシヲアゲロ,*/*,*
不可能弾幕には反則を,1345,1345,8000,名詞,一般,*,*,*,*,不可能弾幕には反則を,フカノウダンマクニハハンソクヲ,フカノウダンマクニハハンソクヲ,*/*,*
ロマンチック逃飛行,1345,1345,8000,名詞,一般,*,*,*,*,ロマンチック逃飛行,ロマンチックトウヒコウ,ロマンチックトウヒコウ,*/*,*
永遠の三日天下,1345,1345,8000,名詞,一般,*,*,*,*,永遠の三日天下,エイエンノミッカテンカ,エイエンノミッカテンカ,*/*,*
心揺さぶる都市伝説,1345,1345,8000,名詞,一般,*,*,*,*,心揺さぶる都市伝説,ココロユサブルトシデンセツ,ココロユサブルトシデンセツ,*/*,*
幻想郷ふしぎ発見,1345,1345,8000,名詞,一般,*,*,*,*,幻想郷ふしぎ発見,ゲンソウキョウフシギハッケン,ゲンソウキョウフシギハッケン,*/*,*
顕現した伝承の形,1345,1345,8000,名詞,一般,*,*,*,*,顕現した伝承の形,ケンゲンシタデンショウノカタチ,ケンゲンシタデンショウノカタチ,*/*,*
時代の風の訪れ,1345,1345,8000,名詞,一般,*,*,*,*,時代の風の訪れ,ジダイノカゼノオトズレ,ジダイノカゼノオトズレ,*/*,*
価値がわからない,1345,1345,8000,名詞,一般,*,*,*,*,価値がわからない,カチガワカラナイ,カチガワカラナイ,*/*,*
可能性を信じて,1345,1345,8000,名詞,一般,*,*,*,*,可能性を信じて,カノウセイヲシンジテ,カノウセイヲシンジテ,*/*,*
真実を知る者,1345,1345,8000,名詞,一般,*,*,*,*,真実を知る者,シンジツヲシルモノ,シンジツヲシルモノ,*/*,*
各々の結末,1345,1345,8000,名詞,一般,*,*,*,*,各々の結末,オノオノノケツマツ,オノオノノケツマツ,*/*,*
明かされる深秘,1345,1345,8000,名詞,一般,*,*,*,*,明かされる深秘,アカサレルシンピ,アカサレルシンピ,*/*,*
オカルトアラカルト,1345,1345,8000,名詞,一般,*,*,*,*,オカルトアラカルト,オカルトアラカルト,オカルトアラカルト,*/*,*
七玉蒐集ショウダウン,1345,1345,8000,名詞,一般,*,*,*,*,七玉蒐集ショウダウン,シチギョクシュウシュウショウダウン,シチギョクシュウシュウショウダウン,*/*,*
公正なる奪い合い,1345,1345,8000,名詞,一般,*,*,*,*,公正なる奪い合い,コウセイナルウバイアイ,コウセイナルウバイアイ,*/*,*
対蹠地の鐘,1345,1345,8000,名詞,一般,*,*,*,*,対蹠地の鐘,タイセキチノカネ,タイセキチノカネ,*/*,*
竹林インフレイム,1345,1345,8000,名詞,一般,*,*,*,*,竹林インフレイム,チクリンインフレイム,チクリンインフレイム,*/*,*
ラストオカルティズム　～ 現し世の秘術師,1345,1345,8000,名詞,一般,*,*,*,*,ラストオカルティズム　～ 現し世の秘術師,ラストオカルティズム,ラストオカルティズム,*/*,*
宇宙巫女現る,1345,1345,8000,名詞,一般,*,*,*,*,宇宙巫女現る,ウチュウミコアラワル,ウチュウミコアラワル,*/*,*
忘れがたき、よすがの緑,1345,1345,8000,名詞,一般,*,*,*,*,忘れがたき、よすがの緑,ワスレガタキヨスガノミドリ,ワスレガタキヨスガノミドリ,*/*,*
兎は舞い降りた,1345,1345,8000,名詞,一般,*,*,*,*,兎は舞い降りた,ウサギハマイオリタ,ウサギハマイオリタ,*/*,*
湖は浄めの月光を映して,1345,1345,8000,名詞,一般,*,*,*,*,湖は浄めの月光を映して,ミズウミハキヨメノゲッコウヲウツシテ,ミズウミハキヨメノゲッコウヲウツシテ,*/*,*
九月のパンプキン,1345,1345,8000,名詞,一般,*,*,*,*,九月のパンプキン,クガツノパンプキン,クガツノパンプキン,*/*,*
宇宙を飛ぶ不思議な巫女,1345,1345,8000,名詞,一般,*,*,*,*,宇宙を飛ぶ不思議な巫女,ウチュウヲトブフシギナミコ,ウチュウヲトブフシギナミコ,*/*,*
永遠の春夢,1345,1345,8000,名詞,一般,*,*,*,*,永遠の春夢,エイエンノシュンム,エイエンノシュンム,*/*,*
凍り付いた永遠の都,1345,1345,8000,名詞,一般,*,*,*,*,凍り付いた永遠の都,コオリツイタエイエンノミヤコ,コオリツイタエイエンノミヤコ,*/*,*
星条旗のピエロ,1345,1345,8000,名詞,一般,*,*,*,*,星条旗のピエロ,セイジョウキノピエロ,セイジョウキノピエロ,*/*,*
故郷の星が映る海,1345,1345,8000,名詞,一般,*,*,*,*,故郷の星が映る海,コキョウノホシガウツルウミ,コキョウノホシガウツルウミ,*/*,*
見た事も無い悪夢の世界,1345,1345,8000,名詞,一般,*,*,*,*,見た事も無い悪夢の世界,ミタコトモナイアクムノセカイ,ミタコトモナイアクムノセカイ,*/*,*
パンデモニックプラネット,1345,1345,8000,名詞,一般,*,*,*,*,パンデモニックプラネット,パンデモニックプラネット,パンデモニックプラネット,*/*,*
神社から見える月,1345,1345,8000,名詞,一般,*,*,*,*,神社から見える月,ジンジャカラミエルツキ,ジンジャカラミエルツキ,*/*,*
宇宙巫女帰還する,1345,1345,8000,名詞,一般,*,*,*,*,宇宙巫女帰還する,ウチュウミコキカンスル,ウチュウミコキカンスル,*/*,*
異変の種子,1345,1345,8000,名詞,一般,*,*,*,*,異変の種子,イヘンノシュシ,イヘンノシュシ,*/*,*
意気揚々,1345,1345,8000,名詞,一般,*,*,*,*,意気揚々,イキヨウヨウ,イキヨウヨウ,*/*,*
知略縦横,1345,1345,8000,名詞,一般,*,*,*,*,知略縦横,チリャクジュウオウ,チリャクジュウオウ,*/*,*
異心同体,1345,1345,8000,名詞,一般,*,*,*,*,異心同体,イシンドウタイ,イシンドウタイ,*/*,*
合縁奇縁,1345,1345,8000,名詞,一般,*,*,*,*,合縁奇縁,アイエンキエン,アイエンキエン,*/*,*
憑依投合,1345,1345,8000,名詞,一般,*,*,*,*,憑依投合,ヒョウイトウゴウ,ヒョウイトウゴウ,*/*,*
連帯責人,1345,1345,8000,名詞,一般,*,*,*,*,連帯責人,レンタイセキニン,レンタイセキニン,*/*,*
壮言大語,1345,1345,8000,名詞,一般,*,*,*,*,壮言大語,ソウゲンタイゴ,ソウゲンタイゴ,*/*,*
開演間近,1345,1345,8000,名詞,一般,*,*,*,*,開演間近,カイエンマヂカ,カイエンマヂカ,*/*,*
天衣無縫　～ Yellow Lily,1345,1345,8000,名詞,一般,*,*,*,*,天衣無縫　～ Yellow Lily,テンイムホウ,テンイムホウ,*/*,*
行雲流水,1345,1345,8000,名詞,一般,*,*,*,*,行雲流水,コウウンリュウスイ,コウウンリュウスイ,*/*,*
未だ蕾む憑依華,1345,1345,8000,名詞,一般,*,*,*,*,未だ蕾む憑依華,イマダツボムヒョウイバナ,イマダツボムヒョウイバナ,*/*,*
咲き誇る憑依華,1345,1345,8000,名詞,一般,*,*,*,*,咲き誇る憑依華,サキホコルヒョウイバナ,サキホコルヒョウイバナ,*/*,*
地の色は黄色　～ Primrose,1345,1345,8000,名詞,一般,*,*,*,*,地の色は黄色　～ Primrose,チノイロハキイロ,チノイロハキイロ,*/*,*
聖輦船空を往く,1345,1345,8000,名詞,一般,*,*,*,*,聖輦船空を往く,セイレンセンソラヲユク,セイレンセンソラヲユク,*/*,*
法力の下の平等,1345,1345,8000,名詞,一般,*,*,*,*,法力の下の平等,ホウリキノシタノビョウドウ,ホウリキノシタノビョウドウ,*/*,*
恒常不変の参廟祀,1345,1345,8000,名詞,一般,*,*,*,*,恒常不変の参廟祀,コウジョウフヘンノサンビョウシ,コウジョウフヘンノサンビョウシ,*/*,*
光り輝く天球儀,1345,1345,8000,名詞,一般,*,*,*,*,光り輝く天球儀,ヒカリカガヤクテンキュウギ,ヒカリカガヤクテンキュウギ,*/*,*
沢の河童の技術力,1345,1345,8000,名詞,一般,*,*,*,*,沢の河童の技術力,サワノカッパノギジュツリョク,サワノカッパノギジュツリョク,*/*,*
地底に咲く薔薇,1345,1345,8000,名詞,一般,*,*,*,*,地底に咲く薔薇,チテイニサクバラ,チテイニサクバラ,*/*,*
深緑の狸森にて,1345,1345,8000,名詞,一般,*,*,*,*,深緑の狸森にて,シンリョクノムジナモリニテ,シンリョクノムジナモリニテ,*/*,*
心綺楼演舞,1345,1345,8000,名詞,一般,*,*,*,*,心綺楼演舞,シンキロウエンブ,シンキロウエンブ,*/*,*
不滅のレッドソウル,1345,1345,8000,名詞,一般,*,*,*,*,不滅のレッドソウル,フメツノレッドソウル,フメツノレッドソウル,*/*,*
落日に映える逆さ城,1345,1345,8000,名詞,一般,*,*,*,*,落日に映える逆さ城,ラクジツニハエルサカサシロ,ラクジツニハエルサカサシロ,*/*,*
千の試練を超えて,1345,1345,8000,名詞,一般,*,*,*,*,千の試練を超えて,センノシレンヲコエテ,センノシレンヲコエテ,*/*,*
永遠に続く回廊,1345,1345,8000,名詞,一般,*,*,*,*,永遠に続く回廊,エイエンニツヅクカイロウ,エイエンニツヅクカイロウ,*/*,*
至る有頂天,1345,1345,8000,名詞,一般,*,*,*,*,至る有頂天,イタルウチョウテン,イタルウチョウテン,*/*,*
憑坐は夢と現の間に　～ Necro-Fantasia,1345,1345,8000,名詞,一般,*,*,*,*,憑坐は夢と現の間に　～ Necro-Fantasia,ヨリマシハユメトウツツノアイダニ,ヨリマシハユメトウツツノアイダニ,*/*,*
今宵は飄逸なエゴイスト(Live ver)　～ Egoistic Flowers.,1345,1345,8000,名詞,一般,*,*,*,*,今宵は飄逸なエゴイスト(Live ver)　～ Egoistic Flowers.,コヨイハヒョウイツナエゴイスト,コヨイハヒョウイツナエゴイスト,*/*,*
オカルトアトラクト,1345,1345,8000,名詞,一般,*,*,*,*,オカルトアトラクト,オカルトアトラクト,オカルトアトラクト,*/*,*
ネオ竹林インフレイム,1345,1345,8000,名詞,一般,*,*,*,*,ネオ竹林インフレイム,ネオチクリンインフレイム,ネオチクリンインフレイム,*/*,*
億万劫の鐘,1345,1345,8000,名詞,一般,*,*,*,*,億万劫の鐘,オクマンゴウノカネ,オクマンゴウノカネ,*/*,*
アンノウンX ～ Occultly Madness,1345,1345,8000,名詞,一般,*,*,*,*,アンノウンX ～ Occultly Madness,アンノウンエックス,アンノウンエックス,*/*,*
桜舞い散る天空,1345,1345,8000,名詞,一般,*,*,*,*,桜舞い散る天空,サクラマイチルテンクウ,サクラマイチルテンクウ,*/*,*
希望の星は青霄に昇る,1345,1345,8000,名詞,一般,*,*,*,*,希望の星は青霄に昇る,キボウノホシハセイショウニノボル,キボウノホシハセイショウニノボル,*/*,*
真夏の妖精の夢,1345,1345,8000,名詞,一般,*,*,*,*,真夏の妖精の夢,マナツノヨウセイノユメ,マナツノヨウセイノユメ,*/*,*
色無き風は妖怪の山に,1345,1345,8000,名詞,一般,*,*,*,*,色無き風は妖怪の山に,イロナキカゼハヨウカイノヤマニ,イロナキカゼハヨウカイノヤマニ,*/*,*
桜色の海を泳いで,1345,1345,8000,名詞,一般,*,*,*,*,桜色の海を泳いで,サクライロノウミヲオヨイデ,サクライロノウミヲオヨイデ,*/*,*
一対の神獣,1345,1345,8000,名詞,一般,*,*,*,*,一対の神獣,イッツイノシンジュウ,イッツイノシンジュウ,*/*,*
魔法の笠地蔵,1345,1345,8000,名詞,一般,*,*,*,*,魔法の笠地蔵,マホウノカサジゾウ,マホウノカサジゾウ,*/*,*
禁断の扉の向こうは、この世かあの世か,1345,1345,8000,名詞,一般,*,*,*,*,禁断の扉の向こうは、この世かあの世か,キンダンノトビラノムコウハコノヨカアノヨカ,キンダンノトビラノムコウハコノヨカアノヨカ,*/*,*
イントゥ・バックドア,1345,1345,8000,名詞,一般,*,*,*,*,イントゥ・バックドア,イントゥバックドア,イントゥバックドア,*/*,*
もうドアには入れない,1345,1345,8000,名詞,一般,*,*,*,*,もうドアには入れない,モウドアニハハイレナイ,モウドアニハハイレナイ,*/*,*
不自然な自然,1345,1345,8000,名詞,一般,*,*,*,*,不自然な自然,フシゼンナシゼン,フシゼンナシゼン,*/*,*
白い旅人,1345,1345,8000,名詞,一般,*,*,*,*,白い旅人,シロイタビビト,シロイタビビト,*/*,*
悪夢日記,1345,1345,8000,名詞,一般,*,*,*,*,悪夢日記,アクムニッキ,アクムニッキ,*/*,*
物言わぬ獣の霊,1345,1345,8000,名詞,一般,*,*,*,*,物言わぬ獣の霊,モノイワヌケモノノレイ,モノイワヌケモノノレイ,*/*,*
地蔵だけが知る哀嘆,1345,1345,8000,名詞,一般,*,*,*,*,地蔵だけが知る哀嘆,ジゾウダケガシルアイタン,ジゾウダケガシルアイタン,*/*,*
石の赤子と水中の牛,1345,1345,8000,名詞,一般,*,*,*,*,石の赤子と水中の牛,イシノアカゴトスイチュウノウシ,イシノアカゴトスイチュウノウシ,*/*,*
不朽の曼珠沙華,1345,1345,8000,名詞,一般,*,*,*,*,不朽の曼珠沙華,フキュウノマンジュシャゲ,フキュウノマンジュシャゲ,*/*,*
セラフィックチキン,1345,1345,8000,名詞,一般,*,*,*,*,セラフィックチキン,セラフィックチキン,セラフィックチキン,*/*,*
アンロケイテッドヘル,1345,1345,8000,名詞,一般,*,*,*,*,アンロケイテッドヘル,アンロケイテッドヘル,アンロケイテッドヘル,*/*,*
セラミックスの杖刀人,1345,1345,8000,名詞,一般,*,*,*,*,セラミックスの杖刀人,セラミックスノジョウトウジン,セラミックスノジョウトウジン,*/*,*
偶像に世界を委ねて　～Idoratrize World,1345,1345,8000,名詞,一般,*,*,*,*,偶像に世界を委ねて　～Idoratrize World,グウゾウニセカイヲユダネテ,グウゾウニセカイヲユダネテ,*/*,*
輝かしき弱肉強食の掟,1345,1345,8000,名詞,一般,*,*,*,*,輝かしき弱肉強食の掟,ナツカシキジャクニクキョウショクノオキテ,ナツカシキジャクニクキョウショクノオキテ,*/*,*
聖徳太子のペガサス　～Dark Pegasus,1345,1345,8000,名詞,一般,*,*,*,*,聖徳太子のペガサス　～Dark Pegasus,ショウトクタイシノペガサス,ショウトクタイシノペガサス,*/*,*
畜生達の休息,1345,1345,8000,名詞,一般,*,*,*,*,畜生達の休息,チクショウタチノキュウソク,チクショウタチノキュウソク,*/*,*
地下からの帰還,1345,1345,8000,名詞,一般,*,*,*,*,地下からの帰還,チカカラノキカン,チカカラノキカン,*/*,*
水没した沈愁地獄,1345,1345,8000,名詞,一般,*,*,*,*,水没した沈愁地獄,スイボツシタチンシュウジゴク,スイボツシタチンシュウジゴク,*/*,*
東方剛欲異聞,1345,1345,8000,名詞,一般,*,*,*,*,東方剛欲異聞,トウホウゴウヨクイブン,トウホウゴウヨクイブン,*/*,*
天理人欲,1345,1345,8000,名詞,一般,*,*,*,*,天理人欲,テンリジンヨク,テンリジンヨク,*/*,*
御柱の墓場,1345,1345,8000,名詞,一般,*,*,*,*,御柱の墓場,オンバシラノハカバ,オンバシラノハカバ,*/*,*
大地の底、剛欲の海,1345,1345,8000,名詞,一般,*,*,*,*,大地の底、剛欲の海,ダイチノソコゴウヨクノウミ,ダイチノソコゴウヨクノウミ,*/*,*
少女綺想曲,1345,1345,8000,名詞,一般,*,*,*,*,少女綺想曲,ショウジョキソウキョク,ショウジョキソウキョク,*/*,*
封じられた妖怪,1345,1345,8000,名詞,一般,*,*,*,*,封じられた妖怪,フウジラレタヨウカイ,フウジラレタヨウカイ,*/*,*
キャプテンムラサ,1345,1345,8000,名詞,一般,*,*,*,*,キャプテンムラサ,キャプテンムラサ,キャプテンムラサ,*/*,*
神さびた古戦場,1345,1345,8000,名詞,一般,*,*,*,*,神さびた古戦場,カミサビタコセンジョウ,カミサビタコセンジョウ,*/*,*
今宵は飄逸なエゴイスト　～ Egoistic Flowers.,1345,1345,8000,名詞,一般,*,*,*,*,今宵は飄逸なエゴイスト　～ Egoistic Flowers.,コヨイハヒョウイツナエゴイスト,コヨイハヒョウイツナエゴイスト,*/*,*
霊知の太陽信仰,1345,1345,8000,名詞,一般,*,*,*,*,霊知の太陽信仰,レイチノタイヨウシンコウ,レイチノタイヨウシンコウ,*/*,*
強欲な獣のメメント,1345,1345,8000,名詞,一般,*,*,*,*,強欲な獣のメメント,ゴウヨクナケモノノメメント,ゴウヨクナケモノノメメント,*/*,*
有機体全てのメメント　～ Memory of Fossil Energy.,1345,1345,8000,名詞,一般,*,*,*,*,有機体全てのメメント　～ Memory of Fossil Energy.,ユウキタイスベテノメメント,ユウキタイスベテノメメント,*/*,*
虹の架かる幻想郷,1345,1345,8000,名詞,一般,*,*,*,*,虹の架かる幻想郷,ニジノカカルゲンソウキョウ,ニジノカカルゲンソウキョウ,*/*,*
妖異達の通り雨,1345,1345,8000,名詞,一般,*,*,*,*,妖異達の通り雨,ヨウイタチノトオリアメ,ヨウイタチノトオリアメ,*/*,*
大吉キトゥン,1345,1345,8000,名詞,一般,*,*,*,*,大吉キトゥン,ダイキチキトゥン,ダイキチキトゥン,*/*,*
深緑に隠された断崖,1345,1345,8000,名詞,一般,*,*,*,*,深緑に隠された断崖,シンリョクニカクサレタダンガイ,シンリョクニカクサレタダンガイ,*/*,*
廃れゆく産業遺構,1345,1345,8000,名詞,一般,*,*,*,*,廃れゆく産業遺構,サビレユクサンギョウイコウ,サビレユクサンギョウイコウ,*/*,*
神代鉱石,1345,1345,8000,名詞,一般,*,*,*,*,神代鉱石,カミヨコウセキ,カミヨコウセキ,*/*,*
待ちわびた逢魔が時,1345,1345,8000,名詞,一般,*,*,*,*,待ちわびた逢魔が時,マチワビタオウマガトキ,マチワビタオウマガトキ,*/*,*
星降る天魔の山,1345,1345,8000,名詞,一般,*,*,*,*,星降る天魔の山,ホシフルテンマノヤマ,ホシフルテンマノヤマ,*/*,*
あの賑やかな市場は今どこに　～ Immemorial Marketeers,1345,1345,8000,名詞,一般,*,*,*,*,あの賑やかな市場は今どこに　～ Immemorial Marketeers,アノニギヤカナシジョウハイマドコニ,アノニギヤカナシジョウハイマドコニ,*/*,*
幻想の地下大線路網,1345,1345,8000,名詞,一般,*,*,*,*,幻想の地下大線路網,ゲンソウノチカダイセンロモウ,ゲンソウノチカダイセンロモウ,*/*,*
龍王殺しのプリンセス,1345,1345,8000,名詞,一般,*,*,*,*,龍王殺しのプリンセス,リュウオウゴロシノプリンセス,リュウオウゴロシノプリンセス,*/*,*
嵐の後の日曜日,1345,1345,8000,名詞,一般,*,*,*,*,嵐の後の日曜日,アラシノアトノニチヨウビ,アラシノアトノニチヨウビ,*/*,*
虹色の世界,1345,1345,8000,名詞,一般,*,*,*,*,虹色の世界,ニジイロノセカイ,ニジイロノセカイ,*/*,*
ワクワクする見慣れた幻想郷,1345,1345,8000,名詞,一般,*,*,*,*,ワクワクする見慣れた幻想郷,ワクワクスルミナレタゲンソウキョウ,ワクワクスルミナレタゲンソウキョウ,*/*,*
妖怪フックオン,1345,1345,8000,名詞,一般,*,*,*,*,妖怪フックオン,ヨウカイフックオン,ヨウカイフックオン,*/*,*
闇市場は場所を選ばない,1345,1345,8000,名詞,一般,*,*,*,*,闇市場は場所を選ばない,ヤミイチバハバショヲエラバナイ,ヤミイチバハバショヲエラバナイ,*/*,*
弾幕を持て、バレットフィリア達よ,1345,1345,8000,名詞,一般,*,*,*,*,弾幕を持て、バレットフィリア達よ,ダンマクヲウテバレットフィリアタチヨ,ダンマクヲウテバレットフィリアタチヨ,*/*,*
獣の知性,1345,1345,8000,名詞,一般,*,*,*,*,獣の知性,ケモノノチセイ,ケモノノチセイ,*/*,*
世界は可愛く出来ている,1345,1345,8000,名詞,一般,*,*,*,*,世界は可愛く出来ている,セカイハカワイクデキテイル,セカイハカワイクデキテイル,*/*,*
魔獣スクランブル,1345,1345,8000,名詞,一般,*,*,*,*,魔獣スクランブル,マジュウスクランブル,マジュウスクランブル,*/*,*
鬼は悠久の山に,1345,1345,8000,名詞,一般,*,*,*,*,鬼は悠久の山に,オニハユウキュウノヤマニ,オニハユウキュウノヤマニ,*/*,*
勇敢で有閑な妖獣,1345,1345,8000,名詞,一般,*,*,*,*,勇敢で有閑な妖獣,ユウカンデユウカンナヨウジュウ,ユウカンデユウカンナヨウジュウ,*/*,*
吸血怪獣チュパカブラ,1345,1345,8000,名詞,一般,*,*,*,*,吸血怪獣チュパカブラ,キュウケツカイジュウチュパカブラ,キュウケツカイジュウチュパカブラ,*/*,*
振り向かない黄泉の道,1345,1345,8000,名詞,一般,*,*,*,*,振り向かない黄泉の道,フリムカナイヨミノミチ,フリムカナイヨミノミチ,*/*,*
逸脱者達の無礙光 ～ Kingdom of Nothingness.,1345,1345,8000,名詞,一般,*,*,*,*,逸脱者達の無礙光 ～ Kingdom of Nothingness.,イツダツシャタチノムゲコウ,イツダツシャタチノムゲコウ,*/*,*
獣王達の休息,1345,1345,8000,名詞,一般,*,*,*,*,獣王達の休息,ジュウオウタチノキュウソク,ジュウオウタチノキュウソク,*/*,*
獣に知性はあるか,1345,1345,8000,名詞,一般,*,*,*,*,獣に知性はあるか,ケモノニチセイハアルカ,ケモノニチセイハアルカ,*/*,*
蓬莱伝説,1345,1345,8000,名詞,一般,*,*,*,*,蓬莱伝説,ホウライデンセツ,ホウライデンセツ,*/*,*
二色蓮花蝶　～ Red and White,1345,1345,8000,名詞,一般,*,*,*,*,二色蓮花蝶　～ Red and White,ニイルレンカチョウ,ニイルレンカチョウ,*/*,*
桜花之恋塚　～ Japanese Flower,1345,1345,8000,名詞,一般,*,*,*,*,桜花之恋塚　～ Japanese Flower,オウカノコイヅカ,オウカノコイヅカ,*/*,*
人形の森,1345,1345,8000,名詞,一般,*,*,*,*,人形の森,ニンギョウノモリ,ニンギョウノモリ,*/*,*
空飛ぶ巫女の不思議な毎日,1345,1345,8000,名詞,一般,*,*,*,*,空飛ぶ巫女の不思議な毎日,ソラトブミコノフシギナマイニチ,ソラトブミコノフシギナマイニチ,*/*,*
夜のデンデラ野を逝く,1345,1345,8000,名詞,一般,*,*,*,*,夜のデンデラ野を逝く,ヨルノデンデラノヲユク,ヨルノデンデラノヲユク,*/*,*
少女秘封倶楽部,1345,1345,8000,名詞,一般,*,*,*,*,少女秘封倶楽部,ショウジョヒフウクラブ,ショウジョヒフウクラブ,*/*,*
古の冥界寺,1345,1345,8000,名詞,一般,*,*,*,*,古の冥界寺,イニシエノメイカイデラ,イニシエノメイカイデラ,*/*,*
月の妖鳥、化猫の幻,1345,1345,8000,名詞,一般,*,*,*,*,月の妖鳥、化猫の幻,ツキノヨウチョウバケネコノマボロシ,ツキノヨウチョウバケネコノマボロシ,*/*,*
過去の花　～ Fairy of Flower,1345,1345,8000,名詞,一般,*,*,*,*,過去の花　～ Fairy of Flower,カコノハナ,カコノハナ,*/*,*
魔法少女十字軍,1345,1345,8000,名詞,一般,*,*,*,*,魔法少女十字軍,マホウショウジョジュウジグン,マホウショウジョジュウジグン,*/*,*
幻想の永遠祭,1345,1345,8000,名詞,一般,*,*,*,*,幻想の永遠祭,ゲンソウノエイエンサイ,ゲンソウノエイエンサイ,*/*,*
童祭　～ Innocent Treasures,1345,1345,8000,名詞,一般,*,*,*,*,童祭　～ Innocent Treasures,ワラベマツリ,ワラベマツリ,*/*,*
華胥の夢,1345,1345,8000,名詞,一般,*,*,*,*,華胥の夢,カショノユメ,カショノユメ,*/*,*
科学世紀の少年少女,1345,1345,8000,名詞,一般,*,*,*,*,科学世紀の少年少女,カガクセイキノショウネンショウジョ,カガクセイキノショウネンショウジョ,*/*,*
夢と現の境界,1345,1345,8000,名詞,一般,*,*,*,*,夢と現の境界,ユメトウツツノキョウカイ,ユメトウツツノキョウカイ,*/*,*
幻想機械　～ Phantom Factory,1345,1345,8000,名詞,一般,*,*,*,*,幻想機械　～ Phantom Factory,ゲンソウキカイ,ゲンソウキカイ,*/*,*
幽玄の槭樹　～ Eternal Dream,1345,1345,8000,名詞,一般,*,*,*,*,幽玄の槭樹　～ Eternal Dream,ユウゲンノカエデ,ユウゲンノカエデ,*/*,*
ヒロシゲ36号　～ Neo Super-Express,1345,1345,8000,名詞,一般,*,*,*,*,ヒロシゲ36号　～ Neo Super-Express,ヒロシゲサンジュウロクゴウ,ヒロシゲサンジュウロクゴウ,*/*,*
53ミニッツの青い海,1345,1345,8000,名詞,一般,*,*,*,*,53ミニッツの青い海,ゴジュウサンミニッツノアオイウミ,ゴジュウサンミニッツノアオイウミ,*/*,*
青木ヶ原の伝説,1345,1345,8000,名詞,一般,*,*,*,*,青木ヶ原の伝説,アオキガハラノデンセツ,アオキガハラノデンセツ,*/*,*
最も澄みわたる空と海,1345,1345,8000,名詞,一般,*,*,*,*,最も澄みわたる空と海,モットモスミワタルソラトウミ,モットモスミワタルソラトウミ,*/*,*
天空のグリニッジ,1345,1345,8000,名詞,一般,*,*,*,*,天空のグリニッジ,テンクウノグリニッジ,テンクウノグリニッジ,*/*,*
車椅子の未来宇宙,1345,1345,8000,名詞,一般,*,*,*,*,車椅子の未来宇宙,クルマイスノミライウチュウ,クルマイスノミライウチュウ,*/*,*
衛星カフェテラス,1345,1345,8000,名詞,一般,*,*,*,*,衛星カフェテラス,エイセイカフェテラス,エイセイカフェテラス,*/*,*
大空魔術　～ Magical Astronomy,1345,1345,8000,名詞,一般,*,*,*,*,大空魔術　～ Magical Astronomy,オオゾラマジュツ,オオゾラマジュツ,*/*,*
向こう側の月,1345,1345,8000,名詞,一般,*,*,*,*,向こう側の月,ムコウガワノツキ,ムコウガワノツキ,*/*,*
未知の花　魅知の旅,1345,1345,8000,名詞,一般,*,*,*,*,未知の花　魅知の旅,ミチノハナミチノタビ,ミチノハナミチノタビ,*/*,*
衛星トリフネ,1345,1345,8000,名詞,一般,*,*,*,*,衛星トリフネ,エイセイトリフネ,エイセイトリフネ,*/*,*
トロヤ群の密林,1345,1345,8000,名詞,一般,*,*,*,*,トロヤ群の密林,トロヤグンノミツリン,トロヤグンノミツリン,*/*,*
天鳥船神社,1345,1345,8000,名詞,一般,*,*,*,*,天鳥船神社,アメノトリフネジンジャ,アメノトリフネジンジャ,*/*,*
天鳥船神社の結界,1345,1345,8000,名詞,一般,*,*,*,*,天鳥船神社の結界,アメノトリフネジンジャノケッカイ,アメノトリフネジンジャノケッカイ,*/*,*
宇宙に浮かぶ幻想郷,1345,1345,8000,名詞,一般,*,*,*,*,宇宙に浮かぶ幻想郷,ウチュウニウカブゲンソウキョウ,ウチュウニウカブゲンソウキョウ,*/*,*
緑のサナトリウム,1345,1345,8000,名詞,一般,*,*,*,*,緑のサナトリウム,ミドリノサナトリウム,ミドリノサナトリウム,*/*,*
牛に引かれて善光寺参り,1345,1345,8000,名詞,一般,*,*,*,*,牛に引かれて善光寺参り,ウシニヒカレテゼンコウジマイリ,ウシニヒカレテゼンコウジマイリ,*/*,*
アガルタの風,1345,1345,8000,名詞,一般,*,*,*,*,アガルタの風,アガルタノカゼ,アガルタノカゼ,*/*,*
イザナギオブジェクト,1345,1345,8000,名詞,一般,*,*,*,*,イザナギオブジェクト,イザナギオブジェクト,イザナギオブジェクト,*/*,*
日本中の不思議を集めて,1345,1345,8000,名詞,一般,*,*,*,*,日本中の不思議を集めて,ニホンジュウノフシギヲアツメテ,ニホンジュウノフシギヲアツメテ,*/*,*
他愛も無い二人の博物誌,1345,1345,8000,名詞,一般,*,*,*,*,他愛も無い二人の博物誌,タアイモナイフタリノハクブツシ,タアイモナイフタリノハクブツシ,*/*,*
須臾はプランクを超えて,1345,1345,8000,名詞,一般,*,*,*,*,須臾はプランクを超えて,シュユハプランクヲコエテ,シュユハプランクヲコエテ,*/*,*
禁忌の膜壁,1345,1345,8000,名詞,一般,*,*,*,*,禁忌の膜壁,キンキノマクヘキ,キンキノマクヘキ,*/*,*
燕石博物誌が連れてきた闇,1345,1345,8000,名詞,一般,*,*,*,*,燕石博物誌が連れてきた闇,エンセキハクブツシガツレテキタヤミ,エンセキハクブツシガツレテキタヤミ,*/*,*
旧世界の冒険酒場,1345,1345,8000,名詞,一般,*,*,*,*,旧世界の冒険酒場,キュウセカイノボウケンサカバ,キュウセカイノボウケンサカバ,*/*,*
二日酔いの同床異夢,1345,1345,8000,名詞,一般,*,*,*,*,二日酔いの同床異夢,フツカヨイノドウショウイム,フツカヨイノドウショウイム,*/*,*
七ツ石の狼、雲を取りに駆ける,1345,1345,8000,名詞,一般,*,*,*,*,七ツ石の狼、雲を取りに駆ける,ナナツイシノオオカミクモヲトリニカケル,ナナツイシノオオカミクモヲトリニカケル,*/*,*
七夕坂に朝が来る,1345,1345,8000,名詞,一般,*,*,*,*,七夕坂に朝が来る,タナバタザカニアサガクル,タナバタザカニアサガクル,*/*,*
夢幻能　～ Taboo Marionette,1345,1345,8000,名詞,一般,*,*,*,*,夢幻能　～ Taboo Marionette,ムゲンノウ,ムゲンノウ,*/*,*
ひとりぼっちの常陸行路,1345,1345,8000,名詞,一般,*,*,*,*,ひとりぼっちの常陸行路,ヒトリボッチノヒタチコウロ,ヒトリボッチノヒタチコウロ,*/*,*
夜じゃなくてもお化けはいるから,1345,1345,8000,名詞,一般,*,*,*,*,夜じゃなくてもお化けはいるから,ヨルジャナクテモオバケハイルカラ,ヨルジャナクテモオバケハイルカラ,*/*,*
装飾戦　～ Decoration Battle　(未使用バージョン),1345,1345,8000,名詞,一般,*,*,*,*,装飾戦　～ Decoration Battle　(未使用バージョン),ソウショクセン,ソウショクセン,*/*,*
幽夢　～ Inanimate Dream　(未使用バージョン),1345,1345,8000,名詞,一般,*,*,*,*,幽夢　～ Inanimate Dream　(未使用バージョン),ユウム,ユウム,*/*,*
花映塚　～ after Higan Retour,1345,1345,8000,名詞,一般,*,*,*,*,花映塚　～ after Higan Retour,カエイヅカ,カエイヅカ,*/*,*
阿礼の子供,1345,1345,8000,名詞,一般,*,*,*,*,阿礼の子供,アレノコドモ,アレノコドモ,*/*,*
夜の鳩山を飛ぶ　-Power MIX,1345,1345,8000,名詞,一般,*,*,*,*,夜の鳩山を飛ぶ　-Power MIX,ヨルノハトヤマヲトブ,ヨルノハトヤマヲトブ,*/*,*
夜だから眠れない,1345,1345,8000,名詞,一般,*,*,*,*,夜だから眠れない,ヨルダカラネムレナイ,ヨルダカラネムレナイ,*/*,*
妖精燦々として,1345,1345,8000,名詞,一般,*,*,*,*,妖精燦々として,ヨウセイサンサントシテ,ヨウセイサンサントシテ,*/*,*
雪月桜花の国,1345,1345,8000,名詞,一般,*,*,*,*,雪月桜花の国,セツゲツオウカノクニ,セツゲツオウカノクニ,*/*,*
二つの世界,1345,1345,8000,名詞,一般,*,*,*,*,二つの世界,フタツノセカイ,フタツノセカイ,*/*,*
神域のかくれんぼ暮らし,1345,1345,8000,名詞,一般,*,*,*,*,神域のかくれんぼ暮らし,シンイキノカクレンボクラシ,シンイキノカクレンボクラシ,*/*,*
妖怪宇宙旅行,1345,1345,8000,名詞,一般,*,*,*,*,妖怪宇宙旅行,ヨウカイウチュウリョコウ,ヨウカイウチュウリョコウ,*/*,*
呑んべぇのレムリア (Retro Ver),1345,1345,8000,名詞,一般,*,*,*,*,呑んべぇのレムリア (Retro Ver),ノンベェノレムリア,ノンベェノレムリア,*/*,*
六十年目の東方裁判,1345,1345,8000,名詞,一般,*,*,*,*,六十年目の東方裁判,ロクジュウネンメノトウホウサイバン,ロクジュウネンメノトウホウサイバン,*/*,*
判読眼のビブロフィリア,1345,1345,8000,名詞,一般,*,*,*,*,判読眼のビブロフィリア,ハンドクガンノビブロフィリア,ハンドクガンノビブロフィリア,*/*,*
魔法使いの憂鬱,1345,1345,8000,名詞,一般,*,*,*,*,魔法使いの憂鬱,マホウツカイノユウウツ,マホウツカイノユウウツ,*/*,*
秋霜玉　～ Clockworks,1345,1345,8000,名詞,一般,*,*,*,*,秋霜玉　～ Clockworks,シュウソウギョク,シュウソウギョク,*/*,*
幻想帝都,1345,1345,8000,名詞,一般,*,*,*,*,幻想帝都,ゲンソウテイト,ゲンソウテイト,*/*,*
ディザストラスジェミニ,1345,1345,8000,名詞,一般,*,*,*,*,ディザストラスジェミニ,ディザストラスジェミニ,ディザストラスジェミニ,*/*,*
華の幻想　紅夢の宙,1345,1345,8000,名詞,一般,*,*,*,*,華の幻想　紅夢の宙,ハナノゲンソウコウムノソラ,ハナノゲンソウコウムノソラ,*/*,*
カナベラルの夢幻少女,1345,1345,8000,名詞,一般,*,*,*,*,カナベラルの夢幻少女,カナベラルノムゲンショウジョ,カナベラルノムゲンショウジョ,*/*,*
夢機械　～ Innocent Power,1345,1345,8000,名詞,一般,*,*,*,*,夢機械　～ Innocent Power,ユメキカイ,ユメキカイ,*/*,*
幻想科学　～ Doll's Phantom,1345,1345,8000,名詞,一般,*,*,*,*,幻想科学　～ Doll's Phantom,ゲンソウカガク,ゲンソウカガク,*/*,*
少女神性　～ Pandora's Box,1345,1345,8000,名詞,一般,*,*,*,*,少女神性　～ Pandora's Box,ショウジョシンセイ,ショウジョシンセイ,*/*,*
魔女達の舞踏会　～ Magus,1345,1345,8000,名詞,一般,*,*,*,*,魔女達の舞踏会　～ Magus,マジョタチノブトウカイ,マジョタチノブトウカイ,*/*,*
タイトルドメイド,1345,1345,8000,名詞,一般,*,*,*,*,タイトルドメイド,タイトルドメイド,タイトルドメイド,*/*,*
稀翁玉　～ Fairy Dance,1345,1345,8000,名詞,一般,*,*,*,*,稀翁玉　～ Fairy Dance,キオウギョク,キオウギョク,*/*,*
天鵞絨少女戦　～ Velvet Battle,1345,1345,8000,名詞,一般,*,*,*,*,天鵞絨少女戦　～ Velvet Battle,ビロオドショウジョセン,ビロオドショウジョセン,*/*,*
オルフェの詩　～ Pseudoclassic,1345,1345,8000,名詞,一般,*,*,*,*,オルフェの詩　～ Pseudoclassic,オルフェノウタ,オルフェノウタ,*/*,*
新幻想　～ New Fantasy,1345,1345,8000,名詞,一般,*,*,*,*,新幻想　～ New Fantasy,シンゲンソウ,シンゲンソウ,*/*,*
オルレアンの聖騎士,1345,1345,8000,名詞,一般,*,*,*,*,オルレアンの聖騎士,オルレアンノセイキシ,オルレアンノセイキシ,*/*,*
桜花之恋塚　～ Flower of Japan,1345,1345,8000,名詞,一般,*,*,*,*,桜花之恋塚　～ Flower of Japan,オウカノコイヅカ,オウカノコイヅカ,*/*,*
乙女戦士　～ Heart of Valkyrie,1345,1345,8000,名詞,一般,*,*,*,*,乙女戦士　～ Heart of Valkyrie,オトメセンシ,オトメセンシ,*/*,*
Sacred Battle,1345,1345,8000,名詞,一般,*,*,*,*,Sacred Battle,セイクリッドバトル,セイクリッドバトル,*/*,*
呑んべぇのレムリア,1345,1345,8000,名詞,一般,*,*,*,*,呑んべぇのレムリア,ノンベェノレムリア,ノンベェノレムリア,*/*,*
神魔討綺伝 AN ORDEAL FROM GOD,1345,1345,8000,名詞,一般,*,*,*,*,神魔討綺伝 AN ORDEAL FROM GOD,シンマトウキデン,シンマトウキデン,*/*,*
妖々跋扈　～ Speed Fox#,1345,1345,8000,名詞,一般,*,*,*,*,妖々跋扈　～ Speed Fox#,ヨウヨウバッコ,ヨウヨウバッコ,*/*,*
Mysterious Shrine,1345,1345,8000,名詞,一般,*,*,*,*,Mysterious Shrine,ミステリアスシュライン,ミステリアスシュライン,*/*,*
宵闇の魔術師,1345,1345,8000,名詞,一般,*,*,*,*,宵闇の魔術師,ヨイヤミノマジュツシ,ヨイヤミノマジュツシ,*/*,*
Magic of Life,1345,1345,8000,名詞,一般,*,*,*,*,Magic of Life,マジックオブライフ,マジックオブライフ,*/*,*
Inventive City,1345,1345,8000,名詞,一般,*,*,*,*,Inventive City,インベンティブシティ,インベンティブシティ,*/*,*
夢幻回廊,1345,1345,8000,名詞,一般,*,*,*,*,夢幻回廊,ムゲンカイロウ,ムゲンカイロウ,*/*,*
蓬莱幻想　～ far East,1345,1345,8000,名詞,一般,*,*,*,*,蓬莱幻想　～ far East,ホウライゲンソウ,ホウライゲンソウ,*/*,*
千里の道,1345,1345,8000,名詞,一般,*,*,*,*,千里の道,センリノミチ,センリノミチ,*/*,*